iso_code,location,date,total_cases,new_cases,total_deaths,new_deaths,total_cases_per_million,new_cases_per_million,total_deaths_per_million,new_deaths_per_million,total_tests,new_tests,total_tests_per_thousand,new_tests_per_thousand,new_tests_smoothed,new_tests_smoothed_per_thousand,tests_units,stringency_index,population,population_density,median_age,aged_65_older,aged_70_older,gdp_per_capita,extreme_poverty,cvd_death_rate,diabetes_prevalence,female_smokers,male_smokers,handwashing_facilities,hospital_beds_per_100k
SWE,Sweden,24/03/2020,2016,110,25,4,199.618,10.892,2.475,0.396,,,,,1563,0.155,people tested,28.7,10099270,24.718,41,19.985,13.433,46949.283,0.5,133.982,4.79,18.8,18.9,,2.22
SWE,Sweden,25/03/2020,2272,256,36,11,224.967,25.348,3.565,1.089,,,,,1602,0.159,people tested,32.41,10099270,24.718,41,19.985,13.433,46949.283,0.5,133.982,4.79,18.8,18.9,,2.22
SWE,Sweden,26/03/2020,2510,238,42,6,248.533,23.566,4.159,0.594,,,,,1641,0.162,people tested,32.41,10099270,24.718,41,19.985,13.433,46949.283,0.5,133.982,4.79,18.8,18.9,,2.22
SWE,Sweden,27/03/2020,2806,296,66,24,277.842,29.309,6.535,2.376,,,,,1680,0.166,people tested,32.41,10099270,24.718,41,19.985,13.433,46949.283,0.5,133.982,4.79,18.8,18.9,,2.22
SWE,Sweden,28/03/2020,3046,240,92,26,301.606,23.764,9.11,2.574,,,,,1718,0.17,people tested,32.41,10099270,24.718,41,19.985,13.433,46949.283,0.5,133.982,4.79,18.8,18.9,,2.22
SWE,Sweden,29/03/2020,3447,401,102,10,341.312,39.706,10.1,0.99,36900,,3.654,,1757,0.174,people tested,32.41,10099270,24.718,41,19.985,13.433,46949.283,0.5,133.982,4.79,18.8,18.9,,2.22
SWE,Sweden,30/03/2020,3700,253,110,8,366.363,25.051,10.892,0.792,,,,,1869,0.185,people tested,32.41,10099270,24.718,41,19.985,13.433,46949.283,0.5,133.982,4.79,18.8,18.9,,2.22
SWE,Sweden,01/04/2020,4435,407,180,34,439.141,40.3,17.823,3.367,,,,,2094,0.207,people tested,32.41,10099270,24.718,41,19.985,13.433,46949.283,0.5,133.982,4.79,18.8,18.9,,2.22
SWE,Sweden,02/04/2020,4947,512,239,59,489.837,50.697,23.665,5.842,,,,,2206,0.218,people tested,32.41,10099270,24.718,41,19.985,13.433,46949.283,0.5,133.982,4.79,18.8,18.9,,2.22
SWE,Sweden,03/04/2020,5466,519,282,43,541.227,51.39,27.923,4.258,,,,,2318,0.23,people tested,32.41,10099270,24.718,41,19.985,13.433,46949.283,0.5,133.982,4.79,18.8,18.9,,2.22
SWE,Sweden,04/04/2020,6078,612,333,51,601.826,60.598,32.973,5.05,,,,,2431,0.241,people tested,37.96,10099270,24.718,41,19.985,13.433,46949.283,0.5,133.982,4.79,18.8,18.9,,2.22
SWE,Sweden,05/04/2020,6443,365,373,40,637.967,36.141,36.933,3.961,54700,,5.416,,2543,0.252,people tested,37.96,10099270,24.718,41,19.985,13.433,46949.283,0.5,133.982,4.79,18.8,18.9,,2.22
SWE,Sweden,06/04/2020,6830,387,401,28,676.287,38.32,39.706,2.772,,,,,2586,0.256,people tested,37.96,10099270,24.718,41,19.985,13.433,46949.283,0.5,133.982,4.79,18.8,18.9,,2.22
SWE,Sweden,07/04/2020,7206,376,477,76,713.517,37.23,47.231,7.525,,,,,2629,0.26,people tested,37.96,10099270,24.718,41,19.985,13.433,46949.283,0.5,133.982,4.79,18.8,18.9,,2.22
SWE,Sweden,08/04/2020,7693,487,591,114,761.738,48.221,58.519,11.288,,,,,2671,0.264,people tested,37.96,10099270,24.718,41,19.985,13.433,46949.283,0.5,133.982,4.79,18.8,18.9,,2.22
SWE,Sweden,09/04/2020,8419,726,687,96,833.625,71.886,68.025,9.506,,,,,2714,0.269,people tested,37.96,10099270,24.718,41,19.985,13.433,46949.283,0.5,133.982,4.79,18.8,18.9,,2.22
SWE,Sweden,10/04/2020,9141,722,793,106,905.115,71.49,78.521,10.496,,,,,2757,0.273,people tested,37.96,10099270,24.718,41,19.985,13.433,46949.283,0.5,133.982,4.79,18.8,18.9,,2.22
SWE,Sweden,11/04/2020,9685,544,870,77,958.98,53.865,86.145,7.624,,,,,2800,0.277,people tested,37.96,10099270,24.718,41,19.985,13.433,46949.283,0.5,133.982,4.79,18.8,18.9,,2.22
SWE,Sweden,12/04/2020,10151,466,887,17,1005.122,46.142,87.828,1.683,74600,,7.387,,2843,0.282,people tested,37.96,10099270,24.718,41,19.985,13.433,46949.283,0.5,133.982,4.79,18.8,18.9,,2.22
SWE,Sweden,13/04/2020,10483,332,899,12,1037.996,32.874,89.016,1.188,,,,,2849,0.282,people tested,37.96,10099270,24.718,41,19.985,13.433,46949.283,0.5,133.982,4.79,18.8,18.9,,2.22
SWE,Sweden,14/04/2020,10948,465,919,20,1084.039,46.043,90.997,1.98,,,,,2855,0.283,people tested,37.96,10099270,24.718,41,19.985,13.433,46949.283,0.5,133.982,4.79,18.8,18.9,,2.22
SWE,Sweden,15/04/2020,11445,497,1033,114,1133.25,49.211,102.285,11.288,,,,,2861,0.283,people tested,37.96,10099270,24.718,41,19.985,13.433,46949.283,0.5,133.982,4.79,18.8,18.9,,2.22
SWE,Sweden,16/04/2020,11927,482,1203,170,1180.976,47.726,119.118,16.833,,,,,2867,0.284,people tested,37.96,10099270,24.718,41,19.985,13.433,46949.283,0.5,133.982,4.79,18.8,18.9,,2.22
SWE,Sweden,17/04/2020,12540,613,1333,130,1241.674,60.697,131.99,12.872,,,,,2873,0.284,people tested,37.96,10099270,24.718,41,19.985,13.433,46949.283,0.5,133.982,4.79,18.8,18.9,,2.22
SWE,Sweden,18/04/2020,13216,676,1400,67,1308.609,66.936,138.624,6.634,,,,,2880,0.285,people tested,37.96,10099270,24.718,41,19.985,13.433,46949.283,0.5,133.982,4.79,18.8,18.9,,2.22
SWE,Sweden,19/04/2020,13822,606,1511,111,1368.614,60.004,149.615,10.991,94800,,9.387,,2886,0.286,people tested,37.96,10099270,24.718,41,19.985,13.433,46949.283,0.5,133.982,4.79,18.8,18.9,,2.22
SWE,Sweden,20/04/2020,14385,563,1540,29,1424.36,55.747,152.486,2.871,,,,,2976,0.295,people tested,37.96,10099270,24.718,41,19.985,13.433,46949.283,0.5,133.982,4.79,18.8,18.9,,2.22
SWE,Sweden,21/04/2020,14777,392,1580,40,1463.175,38.815,156.447,3.961,,,,,3065,0.303,people tested,37.96,10099270,24.718,41,19.985,13.433,46949.283,0.5,133.982,4.79,18.8,18.9,,2.22
SWE,Sweden,22/04/2020,15322,545,1765,185,1517.139,53.964,174.765,18.318,,,,,3155,0.312,people tested,37.96,10099270,24.718,41,19.985,13.433,46949.283,0.5,133.982,4.79,18.8,18.9,,2.22
SWE,Sweden,23/04/2020,16004,682,1937,172,1584.669,67.53,191.796,17.031,,,,,3245,0.321,people tested,37.96,10099270,24.718,41,19.985,13.433,46949.283,0.5,133.982,4.79,18.8,18.9,,2.22
SWE,Sweden,24/04/2020,16755,751,2021,84,1659.031,74.362,200.113,8.317,,,,,3335,0.33,people tested,40.74,10099270,24.718,41,19.985,13.433,46949.283,0.5,133.982,4.79,18.8,18.9,,2.22
SWE,Sweden,25/04/2020,17567,812,2152,131,1739.433,80.402,213.085,12.971,,,,,3424,0.339,people tested,40.74,10099270,24.718,41,19.985,13.433,46949.283,0.5,133.982,4.79,18.8,18.9,,2.22
SWE,Sweden,26/04/2020,18177,610,2192,40,1799.833,60.4,217.045,3.961,119400,,11.823,,3514,0.348,people tested,40.74,10099270,24.718,41,19.985,13.433,46949.283,0.5,133.982,4.79,18.8,18.9,,2.22
SWE,Sweden,27/04/2020,18640,463,2194,2,1845.678,45.845,217.243,0.198,,,,,3600,0.356,people tested,40.74,10099270,24.718,41,19.985,13.433,46949.283,0.5,133.982,4.79,18.8,18.9,,2.22
SWE,Sweden,28/04/2020,18926,286,2274,80,1873.997,28.319,225.165,7.921,,,,,3686,0.365,people tested,40.74,10099270,24.718,41,19.985,13.433,46949.283,0.5,133.982,4.79,18.8,18.9,,2.22
SWE,Sweden,29/04/2020,19621,695,2355,81,1942.814,68.817,233.185,8.02,,,,,3771,0.373,people tested,40.74,10099270,24.718,41,19.985,13.433,46949.283,0.5,133.982,4.79,18.8,18.9,,2.22
SWE,Sweden,30/04/2020,20302,681,2462,107,2010.244,67.431,243.78,10.595,,,,,3857,0.382,people tested,40.74,10099270,24.718,41,19.985,13.433,46949.283,0.5,133.982,4.79,18.8,18.9,,2.22
SWE,Sweden,01/05/2020,21092,790,2586,124,2088.468,78.223,256.058,12.278,,,,,3943,0.39,people tested,40.74,10099270,24.718,41,19.985,13.433,46949.283,0.5,133.982,4.79,18.8,18.9,,2.22
SWE,Sweden,02/05/2020,21520,428,2653,67,2130.847,42.379,262.692,6.634,,,,,4029,0.399,people tested,40.74,10099270,24.718,41,19.985,13.433,46949.283,0.5,133.982,4.79,18.8,18.9,,2.22
SWE,Sweden,03/05/2020,22082,562,2669,16,2186.495,55.648,264.277,1.584,148200,,14.674,,4114,0.407,people tested,40.74,10099270,24.718,41,19.985,13.433,46949.283,0.5,133.982,4.79,18.8,18.9,,2.22
SWE,Sweden,04/05/2020,22317,235,2679,10,2209.764,23.269,265.267,0.99,,,,,4120,0.408,people tested,40.74,10099270,24.718,41,19.985,13.433,46949.283,0.5,133.982,4.79,18.8,18.9,,2.22
SWE,Sweden,05/05/2020,22721,404,2769,90,2249.767,40.003,274.178,8.912,,,,,4127,0.409,people tested,40.74,10099270,24.718,41,19.985,13.433,46949.283,0.5,133.982,4.79,18.8,18.9,,2.22
SWE,Sweden,06/05/2020,23216,495,2854,85,2298.78,49.013,282.595,8.416,,,,,4133,0.409,people tested,40.74,10099270,24.718,41,19.985,13.433,46949.283,0.5,133.982,4.79,18.8,18.9,,2.22
SWE,Sweden,07/05/2020,23918,702,2941,87,2368.29,69.51,291.209,8.614,,,,,4139,0.41,people tested,40.74,10099270,24.718,41,19.985,13.433,46949.283,0.5,133.982,4.79,18.8,18.9,,2.22
SWE,Sweden,08/05/2020,24623,705,3040,99,2438.097,69.807,301.012,9.803,,,,,4145,0.41,people tested,40.74,10099270,24.718,41,19.985,13.433,46949.283,0.5,133.982,4.79,18.8,18.9,,2.22
SWE,Sweden,09/05/2020,25265,642,3175,135,2501.666,63.569,314.379,13.367,,,,,4151,0.411,people tested,40.74,10099270,24.718,41,19.985,13.433,46949.283,0.5,133.982,4.79,18.8,18.9,,2.22
SWE,Sweden,10/05/2020,25921,656,3220,45,2566.621,64.955,318.835,4.456,177300,,17.556,,4157,0.412,people tested,40.74,10099270,24.718,41,19.985,13.433,46949.283,0.5,133.982,4.79,18.8,18.9,,2.22
SWE,Sweden,11/05/2020,26322,401,3225,5,2606.327,39.706,319.33,0.495,,,,,4231,0.419,people tested,40.74,10099270,24.718,41,19.985,13.433,46949.283,0.5,133.982,4.79,18.8,18.9,,2.22
SWE,Sweden,12/05/2020,26670,348,3256,31,2640.785,34.458,322.4,3.07,,,,,4304,0.426,people tested,40.74,10099270,24.718,41,19.985,13.433,46949.283,0.5,133.982,4.79,18.8,18.9,,2.22
SWE,Sweden,13/05/2020,27272,602,3313,57,2700.393,59.608,328.044,5.644,,,,,4378,0.433,people tested,40.74,10099270,24.718,41,19.985,13.433,46949.283,0.5,133.982,4.79,18.8,18.9,,2.22
SWE,Sweden,14/05/2020,27909,637,3460,147,2763.467,63.074,342.599,14.556,,,,,4451,0.441,people tested,40.74,10099270,24.718,41,19.985,13.433,46949.283,0.5,133.982,4.79,18.8,18.9,,2.22
SWE,Sweden,15/05/2020,28582,673,3529,69,2830.106,66.638,349.431,6.832,,,,,4524,0.448,people tested,40.74,10099270,24.718,41,19.985,13.433,46949.283,0.5,133.982,4.79,18.8,18.9,,2.22
SWE,Sweden,16/05/2020,29207,625,3646,117,2891.991,61.886,361.016,11.585,,,,,4598,0.455,people tested,40.74,10099270,24.718,41,19.985,13.433,46949.283,0.5,133.982,4.79,18.8,18.9,,2.22
SWE,Sweden,17/05/2020,29677,470,3674,28,2938.529,46.538,363.789,2.772,210000,,20.794,,4671,0.463,people tested,40.74,10099270,24.718,41,19.985,13.433,46949.283,0.5,133.982,4.79,18.8,18.9,,2.22
SWE,Sweden,18/05/2020,30143,466,3679,5,2984.671,46.142,364.284,0.495,,,,,4592,0.455,people tested,40.74,10099270,24.718,41,19.985,13.433,46949.283,0.5,133.982,4.79,18.8,18.9,,2.22
SWE,Sweden,19/05/2020,30377,234,3698,19,3007.841,23.17,366.165,1.881,,,,,4512,0.447,people tested,,10099270,24.718,41,19.985,13.433,46949.283,0.5,133.982,4.79,18.8,18.9,,2.22
SWE,Sweden,20/05/2020,30799,422,3743,45,3049.626,41.785,370.621,4.456,,,,,4433,0.439,people tested,,10099270,24.718,41,19.985,13.433,46949.283,0.5,133.982,4.79,18.8,18.9,,2.22
SWE,Sweden,21/05/2020,31523,724,3831,88,3121.315,71.688,379.334,8.714,,,,,4353,0.431,people tested,,10099270,24.718,41,19.985,13.433,46949.283,0.5,133.982,4.79,18.8,18.9,,2.22
SWE,Sweden,22/05/2020,32172,649,3871,40,3185.577,64.262,383.295,3.961,,,,,4273,0.423,people tested,,10099270,24.718,41,19.985,13.433,46949.283,0.5,133.982,4.79,18.8,18.9,,2.22
SWE,Sweden,23/05/2020,32809,637,3925,54,3248.651,63.074,388.642,5.347,,,,,4194,0.415,people tested,,10099270,24.718,41,19.985,13.433,46949.283,0.5,133.982,4.79,18.8,18.9,,2.22
SWE,Sweden,24/05/2020,33188,379,3992,67,3286.178,37.527,395.276,6.634,238800,,23.645,,4114,0.407,people tested,,10099270,24.718,41,19.985,13.433,46949.283,0.5,133.982,4.79,18.8,18.9,,2.22
SWE,Sweden,25/05/2020,33459,271,3998,6,3313.012,26.834,395.87,0.594,,,,,,,,,10099270,24.718,41,19.985,13.433,46949.283,0.5,133.982,4.79,18.8,18.9,,2.22
NOR,Norway,24/03/2020,2371,239,8,1,437.354,44.086,1.476,0.184,70608,9357,13.024,1.726,6994,1.29,people tested,75.93,5421242,14.462,39.7,16.821,10.813,64800.057,0.2,114.316,5.31,19.6,20.7,,3.6
NOR,Norway,25/03/2020,2566,195,10,2,473.323,35.97,1.845,0.369,73089,2481,13.482,0.458,6367,1.174,people tested,75.93,5421242,14.462,39.7,16.821,10.813,64800.057,0.2,114.316,5.31,19.6,20.7,,3.6
NOR,Norway,26/03/2020,2916,350,12,2,537.884,64.561,2.214,0.369,73892,803,13.63,0.148,5616,1.036,people tested,75.93,5421242,14.462,39.7,16.821,10.813,64800.057,0.2,114.316,5.31,19.6,20.7,,3.6
NOR,Norway,27/03/2020,3156,240,14,2,582.154,44.27,2.582,0.369,78036,4144,14.394,0.764,4900,0.904,people tested,75.93,5421242,14.462,39.7,16.821,10.813,64800.057,0.2,114.316,5.31,19.6,20.7,,3.6
NOR,Norway,28/03/2020,3581,425,16,2,660.55,78.395,2.951,0.369,82584,4548,15.233,0.839,4733,0.873,people tested,75.93,5421242,14.462,39.7,16.821,10.813,64800.057,0.2,114.316,5.31,19.6,20.7,,3.6
NOR,Norway,29/03/2020,3845,264,20,4,709.247,48.697,3.689,0.738,85136,2552,15.704,0.471,4392,0.81,people tested,75.93,5421242,14.462,39.7,16.821,10.813,64800.057,0.2,114.316,5.31,19.6,20.7,,3.6
NOR,Norway,30/03/2020,4102,257,22,2,756.653,47.406,4.058,0.369,87191,2055,16.083,0.379,3706,0.684,people tested,75.93,5421242,14.462,39.7,16.821,10.813,64800.057,0.2,114.316,5.31,19.6,20.7,,3.6
NOR,Norway,01/04/2020,4447,221,28,2,820.292,40.766,5.165,0.369,94265,4017,17.388,0.741,3025,0.558,people tested,75.93,5421242,14.462,39.7,16.821,10.813,64800.057,0.2,114.316,5.31,19.6,20.7,,3.6
NOR,Norway,02/04/2020,4665,218,32,4,860.504,40.212,5.903,0.738,98587,4322,18.185,0.797,3528,0.651,people tested,75.93,5421242,14.462,39.7,16.821,10.813,64800.057,0.2,114.316,5.31,19.6,20.7,,3.6
NOR,Norway,03/04/2020,4935,270,42,10,910.308,49.804,7.747,1.845,101986,3399,18.812,0.627,3421,0.631,people tested,75.93,5421242,14.462,39.7,16.821,10.813,64800.057,0.2,114.316,5.31,19.6,20.7,,3.6
NOR,Norway,04/04/2020,5208,273,44,2,960.665,50.357,8.116,0.369,105865,3879,19.528,0.716,3326,0.614,people tested,75.93,5421242,14.462,39.7,16.821,10.813,64800.057,0.2,114.316,5.31,19.6,20.7,,3.6
NOR,Norway,05/04/2020,5510,302,50,6,1016.372,55.707,9.223,1.107,108709,2844,20.052,0.525,3368,0.621,people tested,75.93,5421242,14.462,39.7,16.821,10.813,64800.057,0.2,114.316,5.31,19.6,20.7,,3.6
NOR,Norway,06/04/2020,5640,130,58,8,1040.352,23.98,10.699,1.476,111299,2590,20.53,0.478,3444,0.635,people tested,75.93,5421242,14.462,39.7,16.821,10.813,64800.057,0.2,114.316,5.31,19.6,20.7,,3.6
NOR,Norway,07/04/2020,5755,115,59,1,1061.565,21.213,10.883,0.184,113896,2597,21.009,0.479,3378,0.623,people tested,75.93,5421242,14.462,39.7,16.821,10.813,64800.057,0.2,114.316,5.31,19.6,20.7,,3.6
NOR,Norway,08/04/2020,5863,108,69,10,1081.486,19.922,12.728,1.845,118077,4181,21.78,0.771,3402,0.628,people tested,75.93,5421242,14.462,39.7,16.821,10.813,64800.057,0.2,114.316,5.31,19.6,20.7,,3.6
NOR,Norway,09/04/2020,6010,147,80,11,1108.602,27.116,14.757,2.029,121034,2957,22.326,0.545,3207,0.592,people tested,75.93,5421242,14.462,39.7,16.821,10.813,64800.057,0.2,114.316,5.31,19.6,20.7,,3.6
NOR,Norway,10/04/2020,6160,150,88,8,1136.271,27.669,16.232,1.476,123170,2136,22.72,0.394,3026,0.558,people tested,75.93,5421242,14.462,39.7,16.821,10.813,64800.057,0.2,114.316,5.31,19.6,20.7,,3.6
NOR,Norway,11/04/2020,6244,84,92,4,1151.766,15.495,16.97,0.738,124279,1109,22.924,0.205,2631,0.485,people tested,75.93,5421242,14.462,39.7,16.821,10.813,64800.057,0.2,114.316,5.31,19.6,20.7,,3.6
NOR,Norway,12/04/2020,6320,76,98,6,1165.785,14.019,18.077,1.107,126486,2207,23.332,0.407,2540,0.469,people tested,75.93,5421242,14.462,39.7,16.821,10.813,64800.057,0.2,114.316,5.31,19.6,20.7,,3.6
NOR,Norway,13/04/2020,6415,95,103,5,1183.308,17.524,18.999,0.922,127305,819,23.483,0.151,2287,0.422,people tested,75.93,5421242,14.462,39.7,16.821,10.813,64800.057,0.2,114.316,5.31,19.6,20.7,,3.6
NOR,Norway,14/04/2020,6488,73,114,11,1196.774,13.466,21.028,2.029,128569,1264,23.716,0.233,2096,0.387,people tested,75.93,5421242,14.462,39.7,16.821,10.813,64800.057,0.2,114.316,5.31,19.6,20.7,,3.6
NOR,Norway,15/04/2020,6566,78,127,13,1211.162,14.388,23.426,2.398,130216,1647,24.02,0.304,1734,0.32,people tested,75.93,5421242,14.462,39.7,16.821,10.813,64800.057,0.2,114.316,5.31,19.6,20.7,,3.6
NOR,Norway,16/04/2020,6677,111,130,3,1231.637,20.475,23.98,0.553,133707,3491,24.664,0.644,1810,0.334,people tested,75.93,5421242,14.462,39.7,16.821,10.813,64800.057,0.2,114.316,5.31,19.6,20.7,,3.6
NOR,Norway,17/04/2020,6791,114,136,6,1252.665,21.028,25.087,1.107,136236,2529,25.13,0.466,1867,0.344,people tested,75.93,5421242,14.462,39.7,16.821,10.813,64800.057,0.2,114.316,5.31,19.6,20.7,,3.6
NOR,Norway,18/04/2020,6791,0,136,0,1252.665,0,25.087,0,139668,3432,25.763,0.633,2198,0.405,people tested,75.93,5421242,14.462,39.7,16.821,10.813,64800.057,0.2,114.316,5.31,19.6,20.7,,3.6
NOR,Norway,19/04/2020,6984,193,148,12,1288.266,35.601,27.3,2.214,142166,2498,26.224,0.461,2240,0.413,people tested,75.93,5421242,14.462,39.7,16.821,10.813,64800.057,0.2,114.316,5.31,19.6,20.7,,3.6
NOR,Norway,20/04/2020,7068,84,154,6,1303.76,15.495,28.407,1.107,143255,1089,26.425,0.201,2279,0.42,people tested,66.67,5421242,14.462,39.7,16.821,10.813,64800.057,0.2,114.316,5.31,19.6,20.7,,3.6
NOR,Norway,21/04/2020,7113,45,154,0,1312.061,8.301,28.407,0,145279,2024,26.798,0.373,2387,0.44,people tested,61.11,5421242,14.462,39.7,16.821,10.813,64800.057,0.2,114.316,5.31,19.6,20.7,,3.6
NOR,Norway,22/04/2020,7166,53,163,9,1321.837,9.776,30.067,1.66,148656,3377,27.421,0.623,2634,0.486,people tested,61.11,5421242,14.462,39.7,16.821,10.813,64800.057,0.2,114.316,5.31,19.6,20.7,,3.6
NOR,Norway,23/04/2020,7250,84,169,6,1337.332,15.495,31.174,1.107,152095,3439,28.055,0.634,2627,0.485,people tested,61.11,5421242,14.462,39.7,16.821,10.813,64800.057,0.2,114.316,5.31,19.6,20.7,,3.6
NOR,Norway,24/04/2020,7345,95,180,11,1354.856,17.524,33.203,2.029,155125,3030,28.614,0.559,2698,0.498,people tested,61.11,5421242,14.462,39.7,16.821,10.813,64800.057,0.2,114.316,5.31,19.6,20.7,,3.6
NOR,Norway,25/04/2020,7408,63,191,11,1366.477,11.621,35.232,2.029,,,,,2646,0.488,people tested,61.11,5421242,14.462,39.7,16.821,10.813,64800.057,0.2,114.316,5.31,19.6,20.7,,3.6
NOR,Norway,26/04/2020,7467,59,193,2,1377.36,10.883,35.601,0.369,,,,,2727,0.503,people tested,61.11,5421242,14.462,39.7,16.821,10.813,64800.057,0.2,114.316,5.31,19.6,20.7,,3.6
NOR,Norway,27/04/2020,7505,38,193,0,1384.369,7.009,35.601,0,164316,,30.31,,3009,0.555,people tested,61.11,5421242,14.462,39.7,16.821,10.813,64800.057,0.2,114.316,5.31,19.6,20.7,,3.6
NOR,Norway,28/04/2020,7533,28,193,0,1389.534,5.165,35.601,0,165951,1635,30.611,0.302,2953,0.545,people tested,61.11,5421242,14.462,39.7,16.821,10.813,64800.057,0.2,114.316,5.31,19.6,20.7,,3.6
NOR,Norway,29/04/2020,7605,72,195,2,1402.815,13.281,35.97,0.369,169124,3173,31.197,0.585,2924,0.539,people tested,61.11,5421242,14.462,39.7,16.821,10.813,64800.057,0.2,114.316,5.31,19.6,20.7,,3.6
NOR,Norway,30/04/2020,7667,62,202,7,1414.252,11.436,37.261,1.291,172586,3462,31.835,0.639,2927,0.54,people tested,64.81,5421242,14.462,39.7,16.821,10.813,64800.057,0.2,114.316,5.31,19.6,20.7,,3.6
NOR,Norway,01/05/2020,7710,43,204,2,1422.183,7.932,37.63,0.369,,,,,2841,0.524,people tested,64.81,5421242,14.462,39.7,16.821,10.813,64800.057,0.2,114.316,5.31,19.6,20.7,,3.6
NOR,Norway,02/05/2020,7759,49,204,0,1431.222,9.039,37.63,0,,,,,2750,0.507,people tested,64.81,5421242,14.462,39.7,16.821,10.813,64800.057,0.2,114.316,5.31,19.6,20.7,,3.6
NOR,Norway,03/05/2020,7759,0,204,0,1431.222,0,37.63,0,,,,,2658,0.49,people tested,64.81,5421242,14.462,39.7,16.821,10.813,64800.057,0.2,114.316,5.31,19.6,20.7,,3.6
NOR,Norway,04/05/2020,7809,50,208,4,1440.445,9.223,38.368,0.738,182285,,33.624,,2567,0.474,people tested,64.81,5421242,14.462,39.7,16.821,10.813,64800.057,0.2,114.316,5.31,19.6,20.7,,3.6
NOR,Norway,05/05/2020,7847,38,208,0,1447.454,7.009,38.368,0,,,,,2758,0.509,people tested,64.81,5421242,14.462,39.7,16.821,10.813,64800.057,0.2,114.316,5.31,19.6,20.7,,3.6
NOR,Norway,06/05/2020,7903,56,209,1,1457.784,10.33,38.552,0.184,188236,,34.722,,2730,0.504,people tested,64.81,5421242,14.462,39.7,16.821,10.813,64800.057,0.2,114.316,5.31,19.6,20.7,,3.6
NOR,Norway,07/05/2020,7953,50,209,0,1467.007,9.223,38.552,0,191946,3710,35.406,0.684,2766,0.51,people tested,64.81,5421242,14.462,39.7,16.821,10.813,64800.057,0.2,114.316,5.31,19.6,20.7,,3.6
NOR,Norway,08/05/2020,7995,42,209,0,1474.754,7.747,38.552,0,195921,3975,36.14,0.733,2987,0.551,people tested,64.81,5421242,14.462,39.7,16.821,10.813,64800.057,0.2,114.316,5.31,19.6,20.7,,3.6
NOR,Norway,09/05/2020,8034,39,213,4,1481.948,7.194,39.29,0.738,,,,,2966,0.547,people tested,64.81,5421242,14.462,39.7,16.821,10.813,64800.057,0.2,114.316,5.31,19.6,20.7,,3.6
NOR,Norway,10/05/2020,8069,35,213,0,1488.404,6.456,39.29,0,,,,,2945,0.543,people tested,64.81,5421242,14.462,39.7,16.821,10.813,64800.057,0.2,114.316,5.31,19.6,20.7,,3.6
NOR,Norway,11/05/2020,8099,30,217,4,1493.938,5.534,40.028,0.738,202751,,37.399,,2924,0.539,people tested,60.19,5421242,14.462,39.7,16.821,10.813,64800.057,0.2,114.316,5.31,19.6,20.7,,3.6
NOR,Norway,12/05/2020,8106,7,224,7,1495.229,1.291,41.319,1.291,205239,2488,37.858,0.459,2854,0.526,people tested,60.19,5421242,14.462,39.7,16.821,10.813,64800.057,0.2,114.316,5.31,19.6,20.7,,3.6
NOR,Norway,13/05/2020,8135,29,228,4,1500.579,5.349,42.057,0.738,208874,3635,38.529,0.671,2948,0.544,people tested,60.19,5421242,14.462,39.7,16.821,10.813,64800.057,0.2,114.316,5.31,19.6,20.7,,3.6
NOR,Norway,14/05/2020,8158,23,229,1,1504.821,4.243,42.241,0.184,212655,3781,39.226,0.697,2958,0.546,people tested,54.63,5421242,14.462,39.7,16.821,10.813,64800.057,0.2,114.316,5.31,19.6,20.7,,3.6
NOR,Norway,15/05/2020,8175,17,232,3,1507.957,3.136,42.795,0.553,216350,3695,39.908,0.682,2918,0.538,people tested,54.63,5421242,14.462,39.7,16.821,10.813,64800.057,0.2,114.316,5.31,19.6,20.7,,3.6
NOR,Norway,16/05/2020,8197,22,232,0,1512.015,4.058,42.795,0,,,,,2674,0.493,people tested,54.63,5421242,14.462,39.7,16.821,10.813,64800.057,0.2,114.316,5.31,19.6,20.7,,3.6
NOR,Norway,17/05/2020,8197,0,232,0,1512.015,0,42.795,0,,,,,2429,0.448,people tested,54.63,5421242,14.462,39.7,16.821,10.813,64800.057,0.2,114.316,5.31,19.6,20.7,,3.6
NOR,Norway,18/05/2020,8197,0,232,0,1512.015,0,42.795,0,218039,,40.219,,2184,0.403,people tested,54.63,5421242,14.462,39.7,16.821,10.813,64800.057,0.2,114.316,5.31,19.6,20.7,,3.6
NOR,Norway,19/05/2020,8249,52,233,1,1521.607,9.592,42.979,0.184,219984,1945,40.578,0.359,2106,0.388,people tested,54.63,5421242,14.462,39.7,16.821,10.813,64800.057,0.2,114.316,5.31,19.6,20.7,,3.6
NOR,Norway,20/05/2020,8257,8,233,0,1523.083,1.476,42.979,0,223045,3061,41.143,0.565,2024,0.373,people tested,54.63,5421242,14.462,39.7,16.821,10.813,64800.057,0.2,114.316,5.31,19.6,20.7,,3.6
NOR,Norway,21/05/2020,8268,11,234,1,1525.112,2.029,43.164,0.184,,,,,1965,0.362,people tested,,5421242,14.462,39.7,16.821,10.813,64800.057,0.2,114.316,5.31,19.6,20.7,,3.6
NOR,Norway,22/05/2020,8268,0,234,0,1525.112,0,43.164,0,229769,,42.383,,1917,0.354,people tested,,5421242,14.462,39.7,16.821,10.813,64800.057,0.2,114.316,5.31,19.6,20.7,,3.6
NOR,Norway,23/05/2020,8309,41,235,1,1532.675,7.563,43.348,0.184,,,,,2068,0.381,people tested,,5421242,14.462,39.7,16.821,10.813,64800.057,0.2,114.316,5.31,19.6,20.7,,3.6
NOR,Norway,24/05/2020,8309,0,235,0,1532.675,0,43.348,0,,,,,2220,0.41,people tested,,5421242,14.462,39.7,16.821,10.813,64800.057,0.2,114.316,5.31,19.6,20.7,,3.6
NOR,Norway,25/05/2020,8309,0,235,0,1532.675,0,43.348,0,234637,,43.281,,2371,0.437,people tested,,5421242,14.462,39.7,16.821,10.813,64800.057,0.2,114.316,5.31,19.6,20.7,,3.6
FIN,Finland,24/03/2020,700,74,1,0,126.337,13.356,0.18,0,13799,1579,2.49,0.285,1229,0.222,samples tested,65.74,5540718,18.136,42.8,21.228,13.264,40585.721,,153.507,5.76,18.3,22.6,,3.28
FIN,Finland,25/03/2020,792,92,1,0,142.942,16.604,0.18,0,15648,1849,2.824,0.334,1348,0.243,samples tested,65.74,5540718,18.136,42.8,21.228,13.264,40585.721,,153.507,5.76,18.3,22.6,,3.28
FIN,Finland,26/03/2020,880,88,3,2,158.824,15.882,0.541,0.361,17485,1837,3.156,0.332,1500,0.271,samples tested,65.74,5540718,18.136,42.8,21.228,13.264,40585.721,,153.507,5.76,18.3,22.6,,3.28
FIN,Finland,27/03/2020,958,78,4,1,172.902,14.078,0.722,0.18,19490,2005,3.518,0.362,1605,0.29,samples tested,65.74,5540718,18.136,42.8,21.228,13.264,40585.721,,153.507,5.76,18.3,22.6,,3.28
FIN,Finland,28/03/2020,1025,67,7,3,184.994,12.092,1.263,0.541,20697,1207,3.735,0.218,1550,0.28,samples tested,68.52,5540718,18.136,42.8,21.228,13.264,40585.721,,153.507,5.76,18.3,22.6,,3.28
FIN,Finland,29/03/2020,1218,193,9,2,219.827,34.833,1.624,0.361,21280,583,3.841,0.105,1483,0.268,samples tested,68.52,5540718,18.136,42.8,21.228,13.264,40585.721,,153.507,5.76,18.3,22.6,,3.28
FIN,Finland,30/03/2020,1218,0,11,2,219.827,0,1.985,0.361,22361,1081,4.036,0.195,1449,0.262,samples tested,68.52,5540718,18.136,42.8,21.228,13.264,40585.721,,153.507,5.76,18.3,22.6,,3.28
FIN,Finland,01/04/2020,1384,71,17,4,249.787,12.814,3.068,0.722,25013,1567,4.514,0.283,1338,0.241,samples tested,68.52,5540718,18.136,42.8,21.228,13.264,40585.721,,153.507,5.76,18.3,22.6,,3.28
FIN,Finland,02/04/2020,1446,62,17,0,260.977,11.19,3.068,0,27266,2253,4.921,0.407,1397,0.252,samples tested,68.52,5540718,18.136,42.8,21.228,13.264,40585.721,,153.507,5.76,18.3,22.6,,3.28
FIN,Finland,03/04/2020,1518,72,19,2,273.972,12.995,3.429,0.361,28955,1689,5.226,0.305,1352,0.244,samples tested,68.52,5540718,18.136,42.8,21.228,13.264,40585.721,,153.507,5.76,18.3,22.6,,3.28
FIN,Finland,04/04/2020,1615,97,20,1,291.478,17.507,3.61,0.18,32178,3223,5.808,0.582,1640,0.296,samples tested,68.52,5540718,18.136,42.8,21.228,13.264,40585.721,,153.507,5.76,18.3,22.6,,3.28
FIN,Finland,05/04/2020,1882,267,25,5,339.667,48.189,4.512,0.902,33825,1647,6.105,0.297,1792,0.323,samples tested,68.52,5540718,18.136,42.8,21.228,13.264,40585.721,,153.507,5.76,18.3,22.6,,3.28
FIN,Finland,06/04/2020,1927,45,27,2,347.789,8.122,4.873,0.361,35795,1970,6.46,0.356,1919,0.346,samples tested,68.52,5540718,18.136,42.8,21.228,13.264,40585.721,,153.507,5.76,18.3,22.6,,3.28
FIN,Finland,07/04/2020,2176,249,27,0,392.729,44.94,4.873,0,37915,2120,6.843,0.383,2067,0.373,samples tested,68.52,5540718,18.136,42.8,21.228,13.264,40585.721,,153.507,5.76,18.3,22.6,,3.28
FIN,Finland,08/04/2020,2308,132,34,7,416.553,23.824,6.136,1.263,41216,3301,7.439,0.596,2315,0.418,samples tested,68.52,5540718,18.136,42.8,21.228,13.264,40585.721,,153.507,5.76,18.3,22.6,,3.28
FIN,Finland,09/04/2020,2487,179,40,6,448.859,32.306,7.219,1.083,43650,2434,7.878,0.439,2341,0.423,samples tested,68.52,5540718,18.136,42.8,21.228,13.264,40585.721,,153.507,5.76,18.3,22.6,,3.28
FIN,Finland,10/04/2020,2605,118,42,2,470.156,21.297,7.58,0.361,46893,3243,8.463,0.585,2563,0.463,samples tested,68.52,5540718,18.136,42.8,21.228,13.264,40585.721,,153.507,5.76,18.3,22.6,,3.28
FIN,Finland,11/04/2020,2769,164,48,6,499.755,29.599,8.663,1.083,48211,1318,8.701,0.238,2290,0.413,samples tested,68.52,5540718,18.136,42.8,21.228,13.264,40585.721,,153.507,5.76,18.3,22.6,,3.28
FIN,Finland,12/04/2020,2905,136,49,1,524.3,24.546,8.844,0.18,49799,1588,8.988,0.287,2282,0.412,samples tested,68.52,5540718,18.136,42.8,21.228,13.264,40585.721,,153.507,5.76,18.3,22.6,,3.28
FIN,Finland,13/04/2020,2974,69,56,7,536.754,12.453,10.107,1.263,50719,920,9.154,0.166,2132,0.385,samples tested,68.52,5540718,18.136,42.8,21.228,13.264,40585.721,,153.507,5.76,18.3,22.6,,3.28
FIN,Finland,14/04/2020,3064,90,59,3,552.997,16.243,10.648,0.541,51910,1191,9.369,0.215,1999,0.361,samples tested,68.52,5540718,18.136,42.8,21.228,13.264,40585.721,,153.507,5.76,18.3,22.6,,3.28
FIN,Finland,15/04/2020,3161,97,64,5,570.504,17.507,11.551,0.902,54201,2291,9.782,0.413,1855,0.335,samples tested,65.74,5540718,18.136,42.8,21.228,13.264,40585.721,,153.507,5.76,18.3,22.6,,3.28
FIN,Finland,16/04/2020,3237,76,72,8,584.22,13.717,12.995,1.444,57663,3462,10.407,0.625,2002,0.361,samples tested,65.74,5540718,18.136,42.8,21.228,13.264,40585.721,,153.507,5.76,18.3,22.6,,3.28
FIN,Finland,17/04/2020,3369,132,75,3,608.044,23.824,13.536,0.541,60377,2714,10.897,0.49,1926,0.348,samples tested,65.74,5540718,18.136,42.8,21.228,13.264,40585.721,,153.507,5.76,18.3,22.6,,3.28
FIN,Finland,18/04/2020,3489,120,82,7,629.702,21.658,14.8,1.263,63975,3598,11.546,0.649,2252,0.406,samples tested,65.74,5540718,18.136,42.8,21.228,13.264,40585.721,,153.507,5.76,18.3,22.6,,3.28
FIN,Finland,19/04/2020,3681,192,90,8,664.354,34.653,16.243,1.444,66334,2359,11.972,0.426,2362,0.426,samples tested,65.74,5540718,18.136,42.8,21.228,13.264,40585.721,,153.507,5.76,18.3,22.6,,3.28
FIN,Finland,20/04/2020,3783,102,94,4,682.763,18.409,16.965,0.722,68124,1790,12.295,0.323,2486,0.449,samples tested,65.74,5540718,18.136,42.8,21.228,13.264,40585.721,,153.507,5.76,18.3,22.6,,3.28
FIN,Finland,21/04/2020,3868,85,98,4,698.104,15.341,17.687,0.722,71631,3507,12.928,0.633,2817,0.508,samples tested,65.74,5540718,18.136,42.8,21.228,13.264,40585.721,,153.507,5.76,18.3,22.6,,3.28
FIN,Finland,22/04/2020,4014,146,141,43,724.455,26.35,25.448,7.761,75753,4122,13.672,0.744,3079,0.556,samples tested,65.74,5540718,18.136,42.8,21.228,13.264,40585.721,,153.507,5.76,18.3,22.6,,3.28
FIN,Finland,23/04/2020,4129,115,149,8,745.21,20.755,26.892,1.444,79333,3580,14.318,0.646,3096,0.559,samples tested,65.74,5540718,18.136,42.8,21.228,13.264,40585.721,,153.507,5.76,18.3,22.6,,3.28
FIN,Finland,24/04/2020,4284,155,172,23,773.185,27.975,31.043,4.151,83493,4160,15.069,0.751,3302,0.596,samples tested,65.74,5540718,18.136,42.8,21.228,13.264,40585.721,,153.507,5.76,18.3,22.6,,3.28
FIN,Finland,25/04/2020,4395,111,177,5,793.218,20.034,31.945,0.902,86484,2991,15.609,0.54,3216,0.58,samples tested,65.74,5540718,18.136,42.8,21.228,13.264,40585.721,,153.507,5.76,18.3,22.6,,3.28
FIN,Finland,26/04/2020,4475,80,186,9,807.657,14.439,33.57,1.624,88956,2472,16.055,0.446,3232,0.583,samples tested,65.74,5540718,18.136,42.8,21.228,13.264,40585.721,,153.507,5.76,18.3,22.6,,3.28
FIN,Finland,27/04/2020,4576,101,190,4,825.886,18.229,34.292,0.722,91353,2397,16.488,0.433,3318,0.599,samples tested,65.74,5540718,18.136,42.8,21.228,13.264,40585.721,,153.507,5.76,18.3,22.6,,3.28
FIN,Finland,28/04/2020,4695,119,193,3,847.363,21.477,34.833,0.541,95007,3654,17.147,0.659,3339,0.603,samples tested,65.74,5540718,18.136,42.8,21.228,13.264,40585.721,,153.507,5.76,18.3,22.6,,3.28
FIN,Finland,29/04/2020,4740,45,199,6,855.485,8.122,35.916,1.083,99315,4308,17.925,0.778,3366,0.608,samples tested,65.74,5540718,18.136,42.8,21.228,13.264,40585.721,,153.507,5.76,18.3,22.6,,3.28
FIN,Finland,30/04/2020,4906,166,206,7,885.445,29.96,37.179,1.263,103358,4043,18.654,0.73,3432,0.619,samples tested,65.74,5540718,18.136,42.8,21.228,13.264,40585.721,,153.507,5.76,18.3,22.6,,3.28
FIN,Finland,01/05/2020,4995,89,211,5,901.508,16.063,38.082,0.902,106610,3252,19.241,0.587,3302,0.596,samples tested,65.74,5540718,18.136,42.8,21.228,13.264,40585.721,,153.507,5.76,18.3,22.6,,3.28
FIN,Finland,02/05/2020,5051,56,218,7,911.615,10.107,39.345,1.263,108044,1434,19.5,0.259,3080,0.556,samples tested,65.74,5540718,18.136,42.8,21.228,13.264,40585.721,,153.507,5.76,18.3,22.6,,3.28
FIN,Finland,03/05/2020,5179,128,220,2,934.716,23.102,39.706,0.361,109652,1608,19.79,0.29,2957,0.534,samples tested,65.74,5540718,18.136,42.8,21.228,13.264,40585.721,,153.507,5.76,18.3,22.6,,3.28
FIN,Finland,04/05/2020,5254,75,230,10,948.253,13.536,41.511,1.805,111365,1713,20.099,0.309,2859,0.516,samples tested,65.74,5540718,18.136,42.8,21.228,13.264,40585.721,,153.507,5.76,18.3,22.6,,3.28
FIN,Finland,05/05/2020,5327,73,240,10,961.428,13.175,43.316,1.805,115045,3680,20.764,0.664,2863,0.517,samples tested,65.74,5540718,18.136,42.8,21.228,13.264,40585.721,,153.507,5.76,18.3,22.6,,3.28
FIN,Finland,06/05/2020,5412,85,246,6,976.769,15.341,44.399,1.083,118736,3691,21.43,0.666,2774,0.501,samples tested,65.74,5540718,18.136,42.8,21.228,13.264,40585.721,,153.507,5.76,18.3,22.6,,3.28
FIN,Finland,07/05/2020,5573,161,252,6,1005.826,29.058,45.481,1.083,122441,3705,22.098,0.669,2726,0.492,samples tested,65.74,5540718,18.136,42.8,21.228,13.264,40585.721,,153.507,5.76,18.3,22.6,,3.28
FIN,Finland,08/05/2020,5673,100,255,3,1023.875,18.048,46.023,0.541,125606,3165,22.67,0.571,2714,0.49,samples tested,65.74,5540718,18.136,42.8,21.228,13.264,40585.721,,153.507,5.76,18.3,22.6,,3.28
FIN,Finland,09/05/2020,5738,65,260,5,1035.606,11.731,46.925,0.902,128276,2670,23.152,0.482,2890,0.522,samples tested,65.74,5540718,18.136,42.8,21.228,13.264,40585.721,,153.507,5.76,18.3,22.6,,3.28
FIN,Finland,10/05/2020,5880,142,265,5,1061.234,25.628,47.828,0.902,130087,1811,23.478,0.327,2919,0.527,samples tested,65.74,5540718,18.136,42.8,21.228,13.264,40585.721,,153.507,5.76,18.3,22.6,,3.28
FIN,Finland,11/05/2020,5962,82,267,2,1076.034,14.8,48.189,0.361,132211,2124,23.862,0.383,2978,0.537,samples tested,65.74,5540718,18.136,42.8,21.228,13.264,40585.721,,153.507,5.76,18.3,22.6,,3.28
FIN,Finland,12/05/2020,5984,22,271,4,1080.004,3.971,48.911,0.722,136067,3856,24.558,0.696,3003,0.542,samples tested,65.74,5540718,18.136,42.8,21.228,13.264,40585.721,,153.507,5.76,18.3,22.6,,3.28
FIN,Finland,13/05/2020,6003,19,275,4,1083.434,3.429,49.633,0.722,139835,3768,25.238,0.68,3014,0.544,samples tested,65.74,5540718,18.136,42.8,21.228,13.264,40585.721,,153.507,5.76,18.3,22.6,,3.28
FIN,Finland,14/05/2020,6054,51,284,9,1092.638,9.205,51.257,1.624,143374,3539,25.876,0.639,2990,0.54,samples tested,57.41,5540718,18.136,42.8,21.228,13.264,40585.721,,153.507,5.76,18.3,22.6,,3.28
FIN,Finland,15/05/2020,6145,91,287,3,1109.062,16.424,51.798,0.541,147372,3998,26.598,0.722,3109,0.561,samples tested,60.19,5540718,18.136,42.8,21.228,13.264,40585.721,,153.507,5.76,18.3,22.6,,3.28
FIN,Finland,16/05/2020,6228,83,293,6,1124.042,14.98,52.881,1.083,150472,3100,27.157,0.559,3171,0.572,samples tested,60.19,5540718,18.136,42.8,21.228,13.264,40585.721,,153.507,5.76,18.3,22.6,,3.28
FIN,Finland,17/05/2020,6286,58,297,4,1134.51,10.468,53.603,0.722,152698,2226,27.559,0.402,3230,0.583,samples tested,60.19,5540718,18.136,42.8,21.228,13.264,40585.721,,153.507,5.76,18.3,22.6,,3.28
FIN,Finland,18/05/2020,6347,61,298,1,1145.519,11.009,53.784,0.18,154870,2172,27.951,0.392,3237,0.584,samples tested,60.19,5540718,18.136,42.8,21.228,13.264,40585.721,,153.507,5.76,18.3,22.6,,3.28
FIN,Finland,19/05/2020,6380,33,300,2,1151.475,5.956,54.145,0.361,159429,4559,28.774,0.823,3337,0.602,samples tested,60.19,5540718,18.136,42.8,21.228,13.264,40585.721,,153.507,5.76,18.3,22.6,,3.28
FIN,Finland,20/05/2020,6399,19,301,1,1154.904,3.429,54.325,0.18,162719,3290,29.368,0.594,3269,0.59,samples tested,60.19,5540718,18.136,42.8,21.228,13.264,40585.721,,153.507,5.76,18.3,22.6,,3.28
FIN,Finland,21/05/2020,6443,44,304,3,1162.846,7.941,54.867,0.541,165296,2577,29.833,0.465,3132,0.565,samples tested,60.19,5540718,18.136,42.8,21.228,13.264,40585.721,,153.507,5.76,18.3,22.6,,3.28
FIN,Finland,22/05/2020,6493,50,306,2,1171.87,9.024,55.227,0.361,166593,1297,30.067,0.234,2746,0.496,samples tested,60.19,5540718,18.136,42.8,21.228,13.264,40585.721,,153.507,5.76,18.3,22.6,,3.28
FIN,Finland,23/05/2020,6537,44,306,0,1179.811,7.941,55.227,0,168565,1972,30.423,0.356,2585,0.467,samples tested,60.19,5540718,18.136,42.8,21.228,13.264,40585.721,,153.507,5.76,18.3,22.6,,3.28
FIN,Finland,24/05/2020,6568,31,306,0,1185.406,5.595,55.227,0,,,,,,,,,5540718,18.136,42.8,21.228,13.264,40585.721,,153.507,5.76,18.3,22.6,,3.28
FIN,Finland,25/05/2020,6579,11,307,1,1187.391,1.985,55.408,0.18,,,,,,,,,5540718,18.136,42.8,21.228,13.264,40585.721,,153.507,5.76,18.3,22.6,,3.28
DNK,Denmark,24/03/2020,1460,65,24,11,252.063,11.222,4.144,1.899,,,,,955,0.165,people tested,72.22,5792203,136.52,42.3,19.677,12.325,46682.515,0.2,114.767,6.41,19.3,18.8,,2.5
DNK,Denmark,25/03/2020,1591,131,32,8,274.68,22.617,5.525,1.381,14870,,2.567,,947,0.163,people tested,72.22,5792203,136.52,42.3,19.677,12.325,46682.515,0.2,114.767,6.41,19.3,18.8,,2.5
DNK,Denmark,26/03/2020,1724,133,34,2,297.642,22.962,5.87,0.345,15981,1111,2.759,0.192,1019,0.176,people tested,72.22,5792203,136.52,42.3,19.677,12.325,46682.515,0.2,114.767,6.41,19.3,18.8,,2.5
DNK,Denmark,27/03/2020,1877,153,41,7,324.056,26.415,7.078,1.209,17275,1294,2.982,0.223,803,0.139,people tested,72.22,5792203,136.52,42.3,19.677,12.325,46682.515,0.2,114.767,6.41,19.3,18.8,,2.5
DNK,Denmark,28/03/2020,2046,169,52,11,353.233,29.177,8.978,1.899,18810,1535,3.247,0.265,923,0.159,people tested,72.22,5792203,136.52,42.3,19.677,12.325,46682.515,0.2,114.767,6.41,19.3,18.8,,2.5
DNK,Denmark,29/03/2020,2201,155,65,13,379.994,26.76,11.222,2.244,20198,1388,3.487,0.24,1051,0.181,people tested,72.22,5792203,136.52,42.3,19.677,12.325,46682.515,0.2,114.767,6.41,19.3,18.8,,2.5
DNK,Denmark,30/03/2020,2395,194,72,7,413.487,33.493,12.431,1.209,21378,1180,3.691,0.204,1089,0.188,people tested,72.22,5792203,136.52,42.3,19.677,12.325,46682.515,0.2,114.767,6.41,19.3,18.8,,2.5
DNK,Denmark,01/04/2020,2860,283,90,13,493.767,48.859,15.538,2.244,26776,3013,4.623,0.52,1701,0.294,people tested,77.78,5792203,136.52,42.3,19.677,12.325,46682.515,0.2,114.767,6.41,19.3,18.8,,2.5
DNK,Denmark,02/04/2020,3107,247,104,14,536.411,42.644,17.955,2.417,29921,3145,5.166,0.543,1991,0.344,people tested,77.78,5792203,136.52,42.3,19.677,12.325,46682.515,0.2,114.767,6.41,19.3,18.8,,2.5
DNK,Denmark,03/04/2020,3386,279,123,19,584.579,48.168,21.235,3.28,34388,4467,5.937,0.771,2445,0.422,people tested,77.78,5792203,136.52,42.3,19.677,12.325,46682.515,0.2,114.767,6.41,19.3,18.8,,2.5
DNK,Denmark,04/04/2020,3757,371,139,16,648.631,64.052,23.998,2.762,39928,5540,6.893,0.956,3017,0.521,people tested,77.78,5792203,136.52,42.3,19.677,12.325,46682.515,0.2,114.767,6.41,19.3,18.8,,2.5
DNK,Denmark,05/04/2020,4077,320,161,22,703.877,55.247,27.796,3.798,43734,3806,7.55,0.657,3362,0.58,people tested,77.78,5792203,136.52,42.3,19.677,12.325,46682.515,0.2,114.767,6.41,19.3,18.8,,2.5
DNK,Denmark,06/04/2020,4369,292,179,18,754.29,50.413,30.904,3.108,46916,3182,8.1,0.549,3648,0.63,people tested,77.78,5792203,136.52,42.3,19.677,12.325,46682.515,0.2,114.767,6.41,19.3,18.8,,2.5
DNK,Denmark,07/04/2020,4681,312,187,8,808.155,53.866,32.285,1.381,51544,4628,8.899,0.799,3969,0.685,people tested,77.78,5792203,136.52,42.3,19.677,12.325,46682.515,0.2,114.767,6.41,19.3,18.8,,2.5
DNK,Denmark,08/04/2020,5071,390,203,16,875.487,67.332,35.047,2.762,57535,5991,9.933,1.034,4394,0.759,people tested,77.78,5792203,136.52,42.3,19.677,12.325,46682.515,0.2,114.767,6.41,19.3,18.8,,2.5
DNK,Denmark,09/04/2020,5402,331,218,15,932.633,57.146,37.637,2.59,62210,4675,10.74,0.807,4613,0.796,people tested,77.78,5792203,136.52,42.3,19.677,12.325,46682.515,0.2,114.767,6.41,19.3,18.8,,2.5
DNK,Denmark,10/04/2020,5635,233,237,19,972.86,40.226,40.917,3.28,64731,2521,11.176,0.435,4335,0.748,people tested,77.78,5792203,136.52,42.3,19.677,12.325,46682.515,0.2,114.767,6.41,19.3,18.8,,2.5
DNK,Denmark,11/04/2020,5819,184,247,10,1004.626,31.767,42.644,1.726,67771,3040,11.7,0.525,3978,0.687,people tested,77.78,5792203,136.52,42.3,19.677,12.325,46682.515,0.2,114.767,6.41,19.3,18.8,,2.5
DNK,Denmark,12/04/2020,5996,177,260,13,1035.185,30.558,44.888,2.244,70125,2354,12.107,0.406,3770,0.651,people tested,77.78,5792203,136.52,42.3,19.677,12.325,46682.515,0.2,114.767,6.41,19.3,18.8,,2.5
DNK,Denmark,13/04/2020,6174,178,273,13,1065.916,30.731,47.132,2.244,72099,1974,12.448,0.341,3598,0.621,people tested,77.78,5792203,136.52,42.3,19.677,12.325,46682.515,0.2,114.767,6.41,19.3,18.8,,2.5
DNK,Denmark,14/04/2020,6318,144,285,12,1090.777,24.861,49.204,2.072,73919,1820,12.762,0.314,3196,0.552,people tested,77.78,5792203,136.52,42.3,19.677,12.325,46682.515,0.2,114.767,6.41,19.3,18.8,,2.5
DNK,Denmark,15/04/2020,6511,193,299,14,1124.097,33.321,51.621,2.417,77712,3793,13.417,0.655,2882,0.498,people tested,74.07,5792203,136.52,42.3,19.677,12.325,46682.515,0.2,114.767,6.41,19.3,18.8,,2.5
DNK,Denmark,16/04/2020,6681,170,309,10,1153.447,29.35,53.348,1.726,82380,4668,14.223,0.806,2881,0.497,people tested,74.07,5792203,136.52,42.3,19.677,12.325,46682.515,0.2,114.767,6.41,19.3,18.8,,2.5
DNK,Denmark,17/04/2020,6879,198,321,12,1187.631,34.184,55.419,2.072,87024,4644,15.024,0.802,3185,0.55,people tested,74.07,5792203,136.52,42.3,19.677,12.325,46682.515,0.2,114.767,6.41,19.3,18.8,,2.5
DNK,Denmark,18/04/2020,7073,194,336,15,1221.124,33.493,58.009,2.59,91437,4413,15.786,0.762,3381,0.584,people tested,74.07,5792203,136.52,42.3,19.677,12.325,46682.515,0.2,114.767,6.41,19.3,18.8,,2.5
DNK,Denmark,19/04/2020,7242,169,346,10,1250.301,29.177,59.735,1.726,94277,2840,16.277,0.49,3450,0.596,people tested,74.07,5792203,136.52,42.3,19.677,12.325,46682.515,0.2,114.767,6.41,19.3,18.8,,2.5
DNK,Denmark,20/04/2020,7384,142,355,9,1274.817,24.516,61.289,1.554,96244,1967,16.616,0.34,3449,0.595,people tested,74.07,5792203,136.52,42.3,19.677,12.325,46682.515,0.2,114.767,6.41,19.3,18.8,,2.5
DNK,Denmark,21/04/2020,7515,131,364,9,1297.434,22.617,62.843,1.554,100543,4299,17.358,0.742,3803,0.657,people tested,74.07,5792203,136.52,42.3,19.677,12.325,46682.515,0.2,114.767,6.41,19.3,18.8,,2.5
DNK,Denmark,22/04/2020,7695,180,370,6,1328.51,31.076,63.879,1.036,108465,7922,18.726,1.368,4393,0.758,people tested,74.07,5792203,136.52,42.3,19.677,12.325,46682.515,0.2,114.767,6.41,19.3,18.8,,2.5
DNK,Denmark,23/04/2020,7912,217,384,14,1365.974,37.464,66.296,2.417,116621,8156,20.134,1.408,4892,0.845,people tested,74.07,5792203,136.52,42.3,19.677,12.325,46682.515,0.2,114.767,6.41,19.3,18.8,,2.5
DNK,Denmark,24/04/2020,8073,161,394,10,1393.77,27.796,68.022,1.726,125329,8708,21.638,1.503,5472,0.945,people tested,74.07,5792203,136.52,42.3,19.677,12.325,46682.515,0.2,114.767,6.41,19.3,18.8,,2.5
DNK,Denmark,25/04/2020,8210,137,403,9,1417.423,23.652,69.576,1.554,136738,11409,23.607,1.97,6472,1.117,people tested,74.07,5792203,136.52,42.3,19.677,12.325,46682.515,0.2,114.767,6.41,19.3,18.8,,2.5
DNK,Denmark,26/04/2020,8445,235,418,15,1457.994,40.572,72.166,2.59,146915,10177,25.364,1.757,7520,1.298,people tested,74.07,5792203,136.52,42.3,19.677,12.325,46682.515,0.2,114.767,6.41,19.3,18.8,,2.5
DNK,Denmark,27/04/2020,8575,130,422,4,1480.438,22.444,72.857,0.691,155810,8895,26.9,1.536,8509,1.469,people tested,74.07,5792203,136.52,42.3,19.677,12.325,46682.515,0.2,114.767,6.41,19.3,18.8,,2.5
DNK,Denmark,28/04/2020,8698,123,427,5,1501.674,21.235,73.72,0.863,166846,11036,28.805,1.905,9472,1.635,people tested,74.07,5792203,136.52,42.3,19.677,12.325,46682.515,0.2,114.767,6.41,19.3,18.8,,2.5
DNK,Denmark,29/04/2020,8851,153,434,7,1528.089,26.415,74.928,1.209,180062,13216,31.087,2.282,10228,1.766,people tested,74.07,5792203,136.52,42.3,19.677,12.325,46682.515,0.2,114.767,6.41,19.3,18.8,,2.5
DNK,Denmark,30/04/2020,9008,157,443,9,1555.194,27.105,76.482,1.554,193165,13103,33.349,2.262,10935,1.888,people tested,74.07,5792203,136.52,42.3,19.677,12.325,46682.515,0.2,114.767,6.41,19.3,18.8,,2.5
DNK,Denmark,01/05/2020,9158,150,452,9,1581.091,25.897,78.036,1.554,206576,13411,35.664,2.315,11607,2.004,people tested,74.07,5792203,136.52,42.3,19.677,12.325,46682.515,0.2,114.767,6.41,19.3,18.8,,2.5
DNK,Denmark,02/05/2020,9311,153,462,10,1607.506,26.415,79.762,1.726,221912,15336,38.312,2.648,12168,2.101,people tested,74.07,5792203,136.52,42.3,19.677,12.325,46682.515,0.2,114.767,6.41,19.3,18.8,,2.5
DNK,Denmark,03/05/2020,9407,96,473,11,1624.08,16.574,81.662,1.899,233799,11887,40.364,2.052,12412,2.143,people tested,74.07,5792203,136.52,42.3,19.677,12.325,46682.515,0.2,114.767,6.41,19.3,18.8,,2.5
DNK,Denmark,04/05/2020,9523,116,481,8,1644.107,20.027,83.043,1.381,244791,10992,42.262,1.898,12712,2.195,people tested,74.07,5792203,136.52,42.3,19.677,12.325,46682.515,0.2,114.767,6.41,19.3,18.8,,2.5
DNK,Denmark,05/05/2020,9670,147,490,9,1669.486,25.379,84.596,1.554,257738,12947,44.497,2.235,12985,2.242,people tested,74.07,5792203,136.52,42.3,19.677,12.325,46682.515,0.2,114.767,6.41,19.3,18.8,,2.5
DNK,Denmark,06/05/2020,9821,151,497,7,1695.555,26.07,85.805,1.209,270680,12942,46.732,2.234,12945,2.235,people tested,74.07,5792203,136.52,42.3,19.677,12.325,46682.515,0.2,114.767,6.41,19.3,18.8,,2.5
DNK,Denmark,07/05/2020,9983,162,500,3,1723.524,27.969,86.323,0.518,284480,13800,49.114,2.383,13045,2.252,people tested,74.07,5792203,136.52,42.3,19.677,12.325,46682.515,0.2,114.767,6.41,19.3,18.8,,2.5
DNK,Denmark,08/05/2020,10083,100,506,6,1740.788,17.265,87.359,1.036,298488,14008,51.533,2.418,13130,2.267,people tested,71.3,5792203,136.52,42.3,19.677,12.325,46682.515,0.2,114.767,6.41,19.3,18.8,,2.5
DNK,Denmark,09/05/2020,10218,135,512,6,1764.096,23.307,88.395,1.036,308984,10496,53.345,1.812,12439,2.148,people tested,71.3,5792203,136.52,42.3,19.677,12.325,46682.515,0.2,114.767,6.41,19.3,18.8,,2.5
DNK,Denmark,10/05/2020,10319,101,516,4,1781.533,17.437,89.085,0.691,317834,8850,54.873,1.528,12005,2.073,people tested,71.3,5792203,136.52,42.3,19.677,12.325,46682.515,0.2,114.767,6.41,19.3,18.8,,2.5
DNK,Denmark,11/05/2020,10429,110,519,3,1800.524,18.991,89.603,0.518,326560,8726,56.379,1.507,11681,2.017,people tested,71.3,5792203,136.52,42.3,19.677,12.325,46682.515,0.2,114.767,6.41,19.3,18.8,,2.5
DNK,Denmark,12/05/2020,10513,84,524,5,1815.026,14.502,90.466,0.863,334260,7700,57.709,1.329,10932,1.887,people tested,71.3,5792203,136.52,42.3,19.677,12.325,46682.515,0.2,114.767,6.41,19.3,18.8,,2.5
DNK,Denmark,13/05/2020,10591,78,528,4,1828.493,13.466,91.157,0.691,345712,11452,59.686,1.977,10719,1.851,people tested,71.3,5792203,136.52,42.3,19.677,12.325,46682.515,0.2,114.767,6.41,19.3,18.8,,2.5
DNK,Denmark,14/05/2020,10667,76,534,6,1841.614,13.121,92.193,1.036,357986,12274,61.805,2.119,10501,1.813,people tested,71.3,5792203,136.52,42.3,19.677,12.325,46682.515,0.2,114.767,6.41,19.3,18.8,,2.5
DNK,Denmark,15/05/2020,10713,46,538,4,1849.555,7.942,92.883,0.691,368889,10903,63.687,1.882,10057,1.736,people tested,71.3,5792203,136.52,42.3,19.677,12.325,46682.515,0.2,114.767,6.41,19.3,18.8,,2.5
DNK,Denmark,16/05/2020,10791,78,538,0,1863.022,13.466,92.883,0,379482,10593,65.516,1.829,10071,1.739,people tested,71.3,5792203,136.52,42.3,19.677,12.325,46682.515,0.2,114.767,6.41,19.3,18.8,,2.5
DNK,Denmark,17/05/2020,10858,67,543,5,1874.589,11.567,93.747,0.863,388703,9221,67.108,1.592,10124,1.748,people tested,71.3,5792203,136.52,42.3,19.677,12.325,46682.515,0.2,114.767,6.41,19.3,18.8,,2.5
DNK,Denmark,18/05/2020,10927,69,547,4,1886.502,11.913,94.437,0.691,394394,5691,68.091,0.983,9691,1.673,people tested,65.74,5792203,136.52,42.3,19.677,12.325,46682.515,0.2,114.767,6.41,19.3,18.8,,2.5
DNK,Denmark,19/05/2020,10968,41,548,1,1893.58,7.078,94.61,0.173,402194,7800,69.437,1.347,9705,1.676,people tested,65.74,5792203,136.52,42.3,19.677,12.325,46682.515,0.2,114.767,6.41,19.3,18.8,,2.5
DNK,Denmark,20/05/2020,11044,76,551,3,1906.701,13.121,95.128,0.518,412051,9857,71.139,1.702,9477,1.636,people tested,65.74,5792203,136.52,42.3,19.677,12.325,46682.515,0.2,114.767,6.41,19.3,18.8,,2.5
DNK,Denmark,21/05/2020,11117,73,554,3,1919.304,12.603,95.646,0.518,425101,13050,73.392,2.253,9588,1.655,people tested,65.74,5792203,136.52,42.3,19.677,12.325,46682.515,0.2,114.767,6.41,19.3,18.8,,2.5
DNK,Denmark,22/05/2020,11182,65,561,7,1930.526,11.222,96.854,1.209,433971,8870,74.923,1.531,9297,1.605,people tested,,5792203,136.52,42.3,19.677,12.325,46682.515,0.2,114.767,6.41,19.3,18.8,,2.5
DNK,Denmark,23/05/2020,11230,48,561,0,1938.813,8.287,96.854,0,442650,8679,76.422,1.498,9024,1.558,people tested,,5792203,136.52,42.3,19.677,12.325,46682.515,0.2,114.767,6.41,19.3,18.8,,2.5
DNK,Denmark,24/05/2020,11289,59,561,0,1948.999,10.186,96.854,0,451450,8800,77.941,1.519,8964,1.548,people tested,,5792203,136.52,42.3,19.677,12.325,46682.515,0.2,114.767,6.41,19.3,18.8,,2.5
DNK,Denmark,25/05/2020,11360,71,562,1,1961.257,12.258,97.027,0.173,458305,6855,79.124,1.183,9130,1.576,people tested,,5792203,136.52,42.3,19.677,12.325,46682.515,0.2,114.767,6.41,19.3,18.8,,2.5
