OBJECTID,LGA_CODE19,LGA_NAME19,STE_NAME16,AREASQKM19,Population,Cases,LastUpdated,Shape__Area,Shape__Length,Cases_Str,PopNorm
1,10050,Albury (C),New South Wales,305.9459,53767,8,2020/04/15 00:00:00+00,0.030586873861921,1.26038995460662,8,6720
2,10130,Armidale Regional (A),New South Wales,8620.699,30707,4,2020/04/17 00:00:00+00,0.808783115850929,6.88374291920087,4,7676
3,10250,Ballina (A),New South Wales,484.9389,44208,8,2020/04/14 00:00:00+00,0.0448576998660428,1.42260902340266,8,5526
4,10300,Balranald (A),New South Wales,21690.6753,2340,,1970/01/01 00:00:00+00,2.1153934574113,11.1973948703332,,
5,10470,Bathurst Regional (A),New South Wales,3817.8646,43206,9,2020/03/29 00:00:00+00,0.370170080626394,5.24229674422154,9,4800
6,10500,Bayside (A),New South Wales,49.8904,174378,67,2020/05/13 00:00:00+00,0.00486651882056321,0.541951738250407,67,2602
7,10550,Bega Valley (A),New South Wales,6278.8811,34348,9,2020/03/31 00:00:00+00,0.63428300720534,5.59142852737568,9,3816
8,10600,Bellingen (A),New South Wales,1600.4337,12963,1,2020/03/27 00:00:00+00,0.150244694817047,2.23699118271341,1,12963
9,10650,Berrigan (A),New South Wales,2065.7759,8707,5,2020/04/03 00:00:00+00,0.205756301892052,2.85069291453796,5,1741
10,10750,Blacktown (C),New South Wales,240.0487,366534,113,2020/05/15 00:00:00+00,0.0233270209196235,0.715740798476075,113,3243
11,10800,Bland (A),New South Wales,8557.6535,5985,,1970/01/01 00:00:00+00,0.8341277097079,5.59533472942527,,
12,10850,Blayney (A),New South Wales,1524.647,7342,3,2020/03/23 00:00:00+00,0.148086847079412,2.24380217550732,3,2447
13,10900,Blue Mountains (C),New South Wales,1431.1442,79260,27,2020/05/12 00:00:00+00,0.139205773024969,3.01978023420297,27,2935
14,10950,Bogan (A),New South Wales,14599.8996,2621,,1970/01/01 00:00:00+00,1.38667425478707,7.35810146282546,,
15,11150,Bourke (A),New South Wales,41599.5072,2630,,1970/01/01 00:00:00+00,3.88614481882178,10.5624576772014,,
16,11200,Brewarrina (A),New South Wales,19163.4798,1655,,1970/01/01 00:00:00+00,1.78803713826846,9.69843522983716,,
17,11250,Broken Hill (C),New South Wales,170.1153,17734,2,2020/04/02 00:00:00+00,0.0162704816452788,0.609550835957855,2,8867
18,11300,Burwood (A),New South Wales,7.1281,39886,8,2020/04/08 00:00:00+00,0.000701035557085561,0.116647108788949,8,4985
19,11350,Byron (A),New South Wales,565.8029,34574,16,2020/04/18 00:00:00+00,0.0522458731898041,1.4752989542965,16,2160
20,11400,Cabonne (A),New South Wales,6022.3498,13680,5,2020/04/04 00:00:00+00,0.582055418321943,6.5305052056924,5,2736
21,11450,Camden (A),New South Wales,201.0281,94159,40,2020/05/08 00:00:00+00,0.0196240777067942,0.724601633574881,40,2353
22,11500,Campbelltown (C) (NSW),New South Wales,311.9111,168139,34,2020/04/16 00:00:00+00,0.0304930736674578,0.94412122718961,34,4945
23,11520,Canada Bay (A),New South Wales,19.9233,95159,30,2020/05/05 00:00:00+00,0.00194720376930491,0.40939559854645,30,3171
24,11570,Canterbury-Bankstown (A),New South Wales,110.2368,373931,98,2020/05/21 00:00:00+00,0.0107361034588394,0.688736228459791,98,3815
25,11600,Carrathool (A),New South Wales,18934.4852,2802,,1970/01/01 00:00:00+00,1.83943126472559,10.8853427812869,,
26,11650,Central Coast (C) (NSW),New South Wales,1681.0695,342047,117,2020/05/08 00:00:00+00,0.162850352409805,4.99790020402742,117,2923
27,11700,Central Darling (A),New South Wales,53492.1931,1837,,1970/01/01 00:00:00+00,5.09776448483899,16.1464979531883,,
28,11720,Cessnock (C),New South Wales,1965.1589,59101,24,2020/04/03 00:00:00+00,0.189462846467904,2.92326463193951,24,2462
29,11730,Clarence Valley (A),New South Wales,10428.6803,51647,8,2020/03/28 00:00:00+00,0.972062406144232,6.97710391443184,8,6455
30,11750,Cobar (A),New South Wales,45579.3299,4722,,1970/01/01 00:00:00+00,4.34400572795903,13.5453589937138,,
31,11800,Coffs Harbour (C),New South Wales,1173.7437,76551,16,2020/04/21 00:00:00+00,0.109995055575837,2.42799367101469,16,4784
32,12000,Coolamon (A),New South Wales,2430.9037,4368,,1970/01/01 00:00:00+00,0.23898172146437,2.74855241550179,,
33,12150,Coonamble (A),New South Wales,9916.0536,4014,1,2020/04/02 00:00:00+00,0.935113045424259,5.63254004694412,1,4014
34,12160,Cootamundra-Gundagai Regional (A),New South Wales,3981.4173,11260,2,2020/04/08 00:00:00+00,0.392475963104062,5.16651701751557,2,5630
35,12350,Cowra (A),New South Wales,2808.7822,12767,,1970/01/01 00:00:00+00,0.273444731867585,4.17944002711428,,
36,12380,Cumberland (A),New South Wales,71.5511,236893,69,2020/05/04 00:00:00+00,0.00697315517300012,0.484986199427655,69,3433
37,12390,Dubbo Regional (A),New South Wales,7534.5251,53240,5,2020/03/25 00:00:00+00,0.722382238790942,5.52076517576085,5,10648
38,12700,Dungog (A),New South Wales,2249.9983,9346,5,2020/03/31 00:00:00+00,0.215534826749263,2.58496492663311,5,1869
39,12730,Edward River (A),New South Wales,8883.4464,8995,,1970/01/01 00:00:00+00,0.87885260606663,5.79367087720004,,
40,12750,Eurobodalla (A),New South Wales,3428.1695,38288,11,2020/03/30 00:00:00+00,0.34249749341825,4.27112113963465,11,3480
41,12850,Fairfield (C),New South Wales,101.507,210612,33,2020/05/07 00:00:00+00,0.0098904004803444,0.619381603820455,33,6382
42,12870,Federation (A),New South Wales,5685.0486,12462,8,2020/03/31 00:00:00+00,0.564737996626718,6.16177814317291,8,1557
43,12900,Forbes (A),New South Wales,4710.128,9910,,1970/01/01 00:00:00+00,0.456718196192014,5.00761799776113,,
44,12930,Georges River (A),New South Wales,38.3459,158411,59,2020/04/17 00:00:00+00,0.00373873285752779,0.532064730445229,59,2684
45,12950,Gilgandra (A),New South Wales,4831.5057,4226,,1970/01/01 00:00:00+00,0.459232082764629,3.82541754503852,,
46,13010,Glen Innes Severn (A),New South Wales,5479.977,8908,2,2020/03/25 00:00:00+00,0.510544907351232,4.74272617525563,2,4454
47,13310,Goulburn Mulwaree (A),New South Wales,3220.0796,30852,11,2020/05/12 00:00:00+00,0.317472684664153,4.69655461452432,11,2804
48,13340,Greater Hume Shire (A),New South Wales,5749.5185,10686,3,2020/03/29 00:00:00+00,0.572787785381934,5.46765986765742,3,3562
49,13450,Griffith (C),New South Wales,1639.1728,26882,3,2020/03/26 00:00:00+00,0.160514210177553,2.32168707247829,3,8960
50,13550,Gunnedah (A),New South Wales,4987.0295,12661,1,2020/04/02 00:00:00+00,0.471156820361557,5.19294261729042,1,12661
51,13660,Gwydir (A),New South Wales,9259.6542,5349,,1970/01/01 00:00:00+00,0.862313787270523,6.55110699591359,,
52,13800,Hawkesbury (C),New South Wales,2775.1377,67083,25,2020/04/14 00:00:00+00,0.268785824899624,3.81964587848911,25,2683
53,13850,Hay (A),New South Wales,11325.9324,2979,1,2020/03/28 00:00:00+00,1.10954121775148,7.30508418072104,1,2979
54,13910,Hilltops (A),New South Wales,7140.8863,18782,2,2020/04/01 00:00:00+00,0.699681670020254,6.50521830543779,2,9391
55,14000,Hornsby (A),New South Wales,455.0375,150752,57,2020/04/29 00:00:00+00,0.0441757799276274,2.37882529422633,57,2644
56,14100,Hunters Hill (A),New South Wales,5.7169,14909,22,2020/04/17 00:00:00+00,0.00055778376008675,0.206122936585557,22,677
57,14170,Inner West (A),New South Wales,35.3713,198024,75,2020/05/06 00:00:00+00,0.00344957609331686,0.402369484749665,75,2640
58,14200,Inverell (A),New South Wales,8597.2081,16844,3,2020/03/24 00:00:00+00,0.798824662409061,6.04109822938596,3,5614
59,14300,Junee (A),New South Wales,2030.0222,6631,,1970/01/01 00:00:00+00,0.200029724968317,2.59250644027601,,
60,14350,Kempsey (A),New South Wales,3375.6707,29665,4,2020/03/31 00:00:00+00,0.318696547523814,3.79978663707881,4,7416
61,14400,Kiama (A),New South Wales,257.6636,23006,7,2020/04/02 00:00:00+00,0.0253417244816774,1.00566548282206,7,3286
62,14500,Ku-ring-gai (A),New South Wales,85.4096,126046,72,2020/05/20 00:00:00+00,0.00831574626408838,0.478296964471668,72,1750
63,14550,Kyogle (A),New South Wales,3584.1644,8870,,1970/01/01 00:00:00+00,0.330702102010491,3.84864812874832,,
64,14600,Lachlan (A),New South Wales,14964.2752,6151,1,2020/03/27 00:00:00+00,1.4425859210819,8.59105897988567,1,6151
65,14650,Lake Macquarie (C),New South Wales,648.6398,204914,55,2020/04/17 00:00:00+00,0.0626823647571655,2.89175196374539,55,3725
66,14700,Lane Cove (A),New South Wales,10.4794,39486,38,2020/04/10 00:00:00+00,0.00100686258701899,0.236589420208591,38,1039
67,14750,Leeton (A),New South Wales,1167.1877,11438,,1970/01/01 00:00:00+00,0.114576660785588,2.00511489850786,,
68,14850,Lismore (C),New South Wales,1287.7043,43843,5,2020/03/27 00:00:00+00,0.118915985111016,2.40209794356281,5,8768
69,14870,Lithgow (C),New South Wales,4512.2563,21636,4,2020/04/22 00:00:00+00,0.436728702224627,4.93079259681114,4,5409
70,14900,Liverpool (C),New South Wales,305.7396,223304,50,2020/04/14 00:00:00+00,0.0297788794514418,1.31812804311039,50,4466
71,14920,Liverpool Plains (A),New South Wales,5082.2397,7893,2,2020/03/20 00:00:00+00,0.482743933473557,4.85393382655552,2,3946
72,14950,Lockhart (A),New South Wales,2895.8049,3295,,1970/01/01 00:00:00+00,0.287130482669454,2.75318366084312,,
73,15050,Maitland (C),New South Wales,391.5087,83203,32,2020/04/10 00:00:00+00,0.0376197631817377,1.20091094621631,32,2600
74,15240,Mid-Coast (A),New South Wales,10053.8633,93288,39,2020/04/25 00:00:00+00,0.959784467888312,6.61213179047846,39,2392
75,15270,Mid-Western Regional (A),New South Wales,8752.259,25086,6,2020/04/14 00:00:00+00,0.840668635266411,6.87356401816344,6,4181
76,15300,Moree Plains (A),New South Wales,17906.5241,13350,1,2020/04/17 00:00:00+00,1.66211833328725,8.6356258791002,1,13350
77,15350,Mosman (A),New South Wales,8.6503,30877,41,2020/04/06 00:00:00+00,0.00085474096431426,0.202598588228296,41,753
78,15520,Murray River (A),New South Wales,11863.4771,12118,,1970/01/01 00:00:00+00,1.17589555985114,11.2547682621123,,
79,15560,Murrumbidgee (A),New South Wales,6880.7902,3961,3,2020/03/28 00:00:00+00,0.67906554784804,5.63655281050402,3,1320
80,15650,Muswellbrook (A),New South Wales,3404.884,16383,1,2020/03/25 00:00:00+00,0.32649860695301,3.90998861915665,1,16383
81,15700,Nambucca (A),New South Wales,1491.3432,19773,3,2020/03/26 00:00:00+00,0.140426979653057,2.02351462699487,3,6591
82,15750,Narrabri (A),New South Wales,13014.9937,13231,,1970/01/01 00:00:00+00,1.22121883625505,6.20143964582685,,
83,15800,Narrandera (A),New South Wales,4116.3459,5931,1,2020/03/30 00:00:00+00,0.404523489060011,3.94847107914693,1,5931
84,15850,Narromine (A),New South Wales,5261.5165,6567,1,2020/03/25 00:00:00+00,0.503308644117169,4.03278297729356,1,6567
85,15900,Newcastle (C),New South Wales,186.7549,164104,55,2020/04/14 00:00:00+00,0.0179946949128862,1.23018061798518,55,2983
86,15950,North Sydney (A),New South Wales,10.4857,74172,48,2020/04/21 00:00:00+00,0.00102226498029268,0.239737771787896,48,1545
87,15990,Northern Beaches (A),New South Wales,254.2074,271278,157,2020/05/12 00:00:00+00,0.0247165193154615,1.79211669499238,157,1727
88,16100,Oberon (A),New South Wales,3625.047,5408,,1970/01/01 00:00:00+00,0.353230252123467,4.66240106066629,,
89,16150,Orange (C),New South Wales,284.2157,42056,10,2020/04/17 00:00:00+00,0.0275245799839468,0.95250809201076,10,4205
90,16200,Parkes (A),New South Wales,5957.6138,14894,1,2020/04/05 00:00:00+00,0.573992412371808,4.19684533336869,1,14894
91,16260,Parramatta (C),New South Wales,83.8294,251311,47,2020/05/13 00:00:00+00,0.0081531679084037,0.552543812741301,47,5347
92,16350,Penrith (C),New South Wales,404.7016,209210,123,2020/05/12 00:00:00+00,0.0394001754807505,1.03322984343823,123,1700
93,16380,Port Macquarie-Hastings (A),New South Wales,3682.3921,83131,26,2020/04/14 00:00:00+00,0.349259118906048,3.78293845134176,26,3197
94,16400,Port Stephens (A),New South Wales,858.4357,72695,34,2020/04/11 00:00:00+00,0.0826715244115803,2.79723468829338,34,2138
95,16490,Queanbeyan-Palerang Regional (A),New South Wales,5318.8822,59959,10,2020/04/09 00:00:00+00,0.527945271267072,5.95719659017311,10,5995
96,16550,Randwick (C),New South Wales,36.3311,154265,88,2020/05/08 00:00:00+00,0.00355430918125421,0.4331255933278,88,1753
97,16610,Richmond Valley (A),New South Wales,3047.3748,23399,2,2020/04/27 00:00:00+00,0.282371290525589,3.35206628741215,2,11699
98,16700,Ryde (C),New South Wales,40.4748,127446,70,2020/04/14 00:00:00+00,0.00394106635030766,0.360985531082152,70,1820
99,16900,Shellharbour (C),New South Wales,147.4211,72240,22,2020/05/05 00:00:00+00,0.0144916875269701,0.956471829372074,22,3283
100,16950,Shoalhaven (C),New South Wales,4566.6795,104371,32,2020/04/08 00:00:00+00,0.451500968822529,5.23822267071906,32,3261
101,17000,Singleton (A),New South Wales,4892.717,23422,4,2020/03/27 00:00:00+00,0.470310052702189,4.56882768099622,4,5855
102,17040,Snowy Monaro Regional (A),New South Wales,15163.5461,20733,6,2020/03/30 00:00:00+00,1.52295708969177,7.5941596216032,6,3455
103,17080,Snowy Valleys (A),New South Wales,8959.0028,14532,1,2020/04/10 00:00:00+00,0.892490947599072,7.95072887582962,1,14532
104,17100,Strathfield (A),New South Wales,14.0009,45143,17,2020/05/21 00:00:00+00,0.0013658919547197,0.204568701769191,17,2655
105,17150,Sutherland Shire (A),New South Wales,333.5933,229213,116,2020/05/20 00:00:00+00,0.0325734295961411,2.25873581752996,116,1975
106,17200,Sydney (C),New South Wales,26.7429,240229,160,2020/05/20 00:00:00+00,0.00260207105611698,0.394130754494879,160,1501
107,17310,Tamworth Regional (A),New South Wales,9884.3506,62156,13,2020/04/17 00:00:00+00,0.932500328414335,7.55261657873047,13,4781
108,17350,Temora (A),New South Wales,2802.016,6274,,1970/01/01 00:00:00+00,0.274662113395152,2.95926360169453,,
109,17400,Tenterfield (A),New South Wales,7322.793,6638,3,2020/03/27 00:00:00+00,0.677695014507663,6.42988957450932,3,2212
110,17420,The Hills Shire (A),New South Wales,386.1588,172473,62,2020/04/26 00:00:00+00,0.0375203526591577,1.42278538095635,62,2781
111,17550,Tweed (A),New South Wales,1307.6562,96108,14,2020/04/05 00:00:00+00,0.120413750574699,2.35920532978228,14,6864
112,17620,Upper Hunter Shire (A),New South Wales,8096.0892,14220,1,2020/03/25 00:00:00+00,0.772440179835939,7.15870847842246,1,14220
113,17640,Upper Lachlan Shire (A),New South Wales,7127.3957,7961,3,2020/03/31 00:00:00+00,0.698895925735997,7.29883796297066,3,2653
114,17650,Uralla (A),New South Wales,3226.5327,6062,1,2020/03/31 00:00:00+00,0.303158298548169,3.98221166653787,1,6062
115,17750,Wagga Wagga (C),New South Wales,4824.4889,64820,10,2020/03/30 00:00:00+00,0.477567512283258,4.55144183215747,10,6482
116,17850,Walcha (A),New South Wales,6261.0242,3132,,1970/01/01 00:00:00+00,0.592325826722117,5.05690245581924,,
117,17900,Walgett (A),New South Wales,22308.3848,6051,,1970/01/01 00:00:00+00,2.08213322425627,9.55924237951791,,
118,17950,Warren (A),New South Wales,10753.7673,2745,1,2020/03/26 00:00:00+00,1.01916780244983,7.62597616896514,1,2745
119,18020,Warrumbungle Shire (A),New South Wales,12372.1201,9399,2,2020/03/27 00:00:00+00,1.17408808930713,8.07521777908224,2,4699
120,18050,Waverley (A),New South Wales,9.3507,74114,183,2020/05/15 00:00:00+00,0.000913064535779995,0.186613875608476,183,404
121,18100,Weddin (A),New South Wales,3414.8566,3636,1,2020/03/25 00:00:00+00,0.332760961198801,4.09041021264518,1,3636
122,18200,Wentworth (A),New South Wales,26256.2398,7042,,1970/01/01 00:00:00+00,2.54978023032527,11.2141883523753,,
123,18250,Willoughby (C),New South Wales,22.4258,80339,23,2020/04/22 00:00:00+00,0.00218613488186747,0.334528375286647,23,3493
124,18350,Wingecarribee (A),New South Wales,2689.3413,50493,25,2020/04/23 00:00:00+00,0.26388782696722,3.2977571917807,25,2019
125,18400,Wollondilly (A),New South Wales,2555.434,52230,4,2020/05/06 00:00:00+00,0.249688495553528,3.75682957214858,4,13057
126,18450,Wollongong (C),New South Wales,683.986,216071,53,2020/04/30 00:00:00+00,0.0670554100124718,2.02956820338609,53,4076
127,18500,Woollahra (A),New South Wales,12.2775,58964,93,2020/04/29 00:00:00+00,0.00120547781307323,0.284850379447592,93,634
128,18710,Yass Valley (A),New South Wales,3995.3257,16953,6,2020/03/29 00:00:00+00,0.394267116984793,3.92703531392123,6,2825
129,19399,Unincorporated NSW,New South Wales,93214.1592,1080,,1970/01/01 00:00:00+00,8.77386766987456,19.2053607848185,,
130,20110,Alpine (S),Victoria,4788.1568,12730,,1970/01/01 00:00:00+00,0.483701082506741,4.4171264848564,,
131,20260,Ararat (RC),Victoria,4211.1171,11795,5,2020/05/22 00:00:00+00,0.428958905793024,3.91426505830391,5,2359
132,20570,Ballarat (C),Victoria,739.0321,107325,11,2020/05/22 00:00:00+00,0.0752978030845952,1.63404887891645,11,9756
133,20660,Banyule (C),Victoria,62.5402,130237,91,2020/05/22 00:00:00+00,0.00638582830788437,0.560903560909868,91,1431
134,20740,Bass Coast (S),Victoria,865.8095,35327,4,2020/05/22 00:00:00+00,0.0894927249428292,2.76635024232201,4,8831
135,20830,Baw Baw (S),Victoria,4027.6287,52015,5,2020/05/22 00:00:00+00,0.413032097599626,4.24611576759945,5,10403
136,20910,Bayside (C),Victoria,37.2111,105718,31,2020/05/22 00:00:00+00,0.00383036789844482,0.316679469247022,31,3410
137,21010,Benalla (RC),Victoria,2352.6397,14024,3,2020/05/22 00:00:00+00,0.236916703478073,2.77098611440031,3,4674
138,21110,Boroondara (C),Victoria,60.1774,181289,68,2020/05/22 00:00:00+00,0.0061610629727511,0.460010521887071,68,2666
139,21180,Brimbank (C),Victoria,123.3991,208714,65,2020/05/22 00:00:00+00,0.0126251210322152,0.679762390662771,65,3210
140,21270,Buloke (S),Victoria,8000.4027,6184,,1970/01/01 00:00:00+00,0.798746596422916,5.443063500603,,
141,21370,Campaspe (S),Victoria,4518.8582,37592,4,2020/05/22 00:00:00+00,0.453619627537137,5.24584543667215,4,9398
142,21450,Cardinia (S),Victoria,1282.5678,107120,16,2020/05/22 00:00:00+00,0.131689272014228,2.02404379887873,16,6695
143,21610,Casey (C),Victoria,409.4289,340419,58,2020/05/22 00:00:00+00,0.0420351519296673,1.13835207524728,58,5869
144,21670,Central Goldfields (S),Victoria,1532.7843,13209,1,2020/05/22 00:00:00+00,0.155216102700251,2.46563736047451,1,13209
145,21750,Colac-Otway (S),Victoria,3437.4701,21503,,1970/01/01 00:00:00+00,0.35477700175079,3.80433769908386,,
146,21830,Corangamite (S),Victoria,4407.4921,16140,1,2020/05/22 00:00:00+00,0.453319338177607,5.39959052713904,1,16140
147,21890,Darebin (C),Victoria,53.4711,161609,40,2020/05/22 00:00:00+00,0.00544996668349995,0.446478992860085,40,4040
148,22110,East Gippsland (S),Victoria,20940.2326,46818,1,2020/05/22 00:00:00+00,2.13099448048979,8.91301625824447,1,46818
149,22170,Frankston (C),Victoria,129.598,141845,40,2020/05/22 00:00:00+00,0.0133433012424575,0.502194581030418,40,3546
150,22250,Gannawarra (S),Victoria,3735.3353,10547,1,2020/05/22 00:00:00+00,0.372218199981035,4.15229003560471,1,10547
151,22310,Glen Eira (C),Victoria,38.6906,153858,51,2020/05/22 00:00:00+00,0.00396799929467306,0.291835235344018,51,3016
152,22410,Glenelg (S),Victoria,6218.5734,19665,1,2020/05/22 00:00:00+00,0.636805585022557,4.6617328951324,1,19665
153,22490,Golden Plains (S),Victoria,2703.3898,23120,1,2020/05/22 00:00:00+00,0.276888577053342,3.47494564156465,1,23120
154,22620,Greater Bendigo (C),Victoria,2999.9721,116045,9,2020/05/22 00:00:00+00,0.302578798061404,3.64281501520508,9,12893
155,22670,Greater Dandenong (C),Victoria,129.5469,166094,16,2020/05/22 00:00:00+00,0.0133049438313719,0.508094194955881,16,10380
156,22750,Greater Geelong (C),Victoria,1247.9876,252217,64,2020/05/22 00:00:00+00,0.128222466405077,3.01847263913236,64,3940
157,22830,Greater Shepparton (C),Victoria,2421.9093,66007,12,2020/05/22 00:00:00+00,0.243298016027438,3.05594752114906,12,5500
158,22910,Hepburn (S),Victoria,1472.9844,15812,2,2020/05/22 00:00:00+00,0.149695804410385,2.74581166515277,2,7906
159,22980,Hindmarsh (S),Victoria,7524.1824,5645,,1970/01/01 00:00:00+00,0.752531682568588,4.3187052189471,,
160,23110,Hobsons Bay (C),Victoria,64.2404,96470,20,2020/05/22 00:00:00+00,0.00657930213492364,0.534729371882565,20,4823
161,23190,Horsham (RC),Victoria,4266.769,19875,3,2020/05/22 00:00:00+00,0.430950062857391,4.47167357949409,3,6625
162,23270,Hume (C),Victoria,503.8505,224394,55,2020/05/22 00:00:00+00,0.0514237025854527,1.26995810608637,55,4079
163,23350,Indigo (S),Victoria,2040.069,16490,,1970/01/01 00:00:00+00,0.204539161938555,4.20939861869383,,
164,23430,Kingston (C),Victoria,91.3677,163431,26,2020/05/22 00:00:00+00,0.00937343670148039,0.533776321559464,26,6285
165,23670,Knox (C),Victoria,113.9115,163203,13,2020/05/22 00:00:00+00,0.0116631858886649,0.658725335278435,13,12554
166,23810,Latrobe (C),Victoria,1425.6128,75211,7,2020/05/22 00:00:00+00,0.146787441943616,2.85313333026404,7,10744
167,23940,Loddon (S),Victoria,6696.4447,7513,3,2020/05/22 00:00:00+00,0.672454916435981,4.72634386602644,3,2504
168,24130,Macedon Ranges (S),Victoria,1748.2837,49388,9,2020/05/22 00:00:00+00,0.177749403304006,2.66455834938728,9,5487
169,24210,Manningham (C),Victoria,113.3478,125508,30,2020/05/22 00:00:00+00,0.0115906997366437,0.859782130168361,30,4183
170,24250,Mansfield (S),Victoria,3843.8535,8979,3,2020/05/22 00:00:00+00,0.390170305955962,4.30624259621658,3,2993
171,24330,Maribyrnong (C),Victoria,31.2254,91387,16,2020/05/22 00:00:00+00,0.0031978729889488,0.286206245925287,16,5711
172,24410,Maroondah (C),Victoria,61.4097,117498,13,2020/05/22 00:00:00+00,0.00627696011315493,0.383130693886758,13,9038
173,24600,Melbourne (C),Victoria,37.3513,169961,99,2020/05/22 00:00:00+00,0.0038188083035493,0.403352757289365,99,1716
174,24650,Melton (C),Victoria,527.5374,156713,39,2020/05/22 00:00:00+00,0.0539370594424327,1.05939960860766,39,4018
175,24780,Mildura (RC),Victoria,22082.4836,55515,5,2020/05/22 00:00:00+00,2.17710407983122,9.00526570129579,5,11103
176,24850,Mitchell (S),Victoria,2862.0833,44299,9,2020/05/22 00:00:00+00,0.290257900190682,4.18589908134503,9,4922
177,24900,Moira (S),Victoria,4046.3738,29799,11,2020/05/22 00:00:00+00,0.404858803062325,5.63519555944147,11,2709
178,24970,Monash (C),Victoria,81.4829,200077,49,2020/05/22 00:00:00+00,0.00832791377342801,0.463255277184649,49,4083
179,25060,Moonee Valley (C),Victoria,43.1386,127883,37,2020/05/22 00:00:00+00,0.00440953457928117,0.381974946612283,37,3456
180,25150,Moorabool (S),Victoria,2110.5504,34158,2,2020/05/22 00:00:00+00,0.215415651239255,2.80396838801712,2,17079
181,25250,Moreland (C),Victoria,50.9519,181725,65,2020/05/22 00:00:00+00,0.00519826794243272,0.410954051194257,65,2795
182,25340,Mornington Peninsula (S),Victoria,724.1679,165822,60,2020/05/22 00:00:00+00,0.0746802568401108,2.10152367688564,60,2763
183,25430,Mount Alexander (S),Victoria,1529.6184,19514,6,2020/05/22 00:00:00+00,0.1550140513732,2.59899293567487,6,3252
184,25490,Moyne (S),Victoria,5481.6861,16887,1,2020/05/22 00:00:00+00,0.563280031202339,5.15364847352589,1,16887
185,25620,Murrindindi (S),Victoria,3879.7505,14478,2,2020/05/22 00:00:00+00,0.394293398690024,4.24266844000904,2,7239
186,25710,Nillumbik (S),Victoria,432.3373,64941,24,2020/05/22 00:00:00+00,0.0441244134849512,1.49027705204128,24,2705
187,25810,Northern Grampians (S),Victoria,5729.8764,11431,3,2020/05/22 00:00:00+00,0.578860468622679,5.76455309749992,3,3810
188,25900,Port Phillip (C),Victoria,20.7092,113200,46,2020/05/22 00:00:00+00,0.00212700225301887,0.309184960698685,46,2460
189,25990,Pyrenees (S),Victoria,3434.5689,7353,,1970/01/01 00:00:00+00,0.349157795422343,3.90521653171776,,
190,26080,Queenscliffe (B),Victoria,8.6166,2982,,1970/01/01 00:00:00+00,0.000888883375409932,0.365887081392499,,
191,26170,South Gippsland (S),Victoria,3296.3307,29576,5,2020/05/22 00:00:00+00,0.341076608731328,5.86251658808787,5,5915
192,26260,Southern Grampians (S),Victoria,6654.0186,16135,2,2020/05/22 00:00:00+00,0.678320715970131,5.16306133985763,2,8067
193,26350,Stonnington (C),Victoria,25.6514,116207,95,2020/05/22 00:00:00+00,0.00261972029466051,0.301123139930679,95,1223
194,26430,Strathbogie (S),Victoria,3303.2568,10645,2,2020/05/22 00:00:00+00,0.333377214019947,3.89426134727288,2,5322
195,26490,Surf Coast (S),Victoria,1552.944,32251,9,2020/05/22 00:00:00+00,0.15999101233956,2.26321515710966,9,3583
196,26610,Swan Hill (RC),Victoria,6115.3087,20759,3,2020/05/22 00:00:00+00,0.604846235992682,6.49611774708311,3,6919
197,26670,Towong (S),Victoria,6674.9467,6054,1,2020/03/31 00:00:00+00,0.670228309631511,5.30834061170167,1,6054
198,26700,Wangaratta (RC),Victoria,3645.1095,29087,2,2020/05/22 00:00:00+00,0.36709186407279,4.01187013862516,2,14543
199,26730,Warrnambool (C),Victoria,120.9488,34862,5,2020/05/22 00:00:00+00,0.0124795011856804,0.699871736294454,5,6972
200,26810,Wellington (S),Victoria,10817.3346,44019,11,2020/05/22 00:00:00+00,1.10802859429077,11.5626146028428,11,4001
201,26890,West Wimmera (S),Victoria,9108.2042,3862,1,2020/05/22 00:00:00+00,0.918162635844055,6.02712793106406,1,3862
202,26980,Whitehorse (C),Victoria,64.28,176196,24,2020/05/22 00:00:00+00,0.00658345052306686,0.36614917407154,24,7341
203,27070,Whittlesea (C),Victoria,489.6939,223322,31,2020/05/22 00:00:00+00,0.0499320383914892,1.36683999021913,31,7203
204,27170,Wodonga (RC),Victoria,432.6894,41429,1,2020/05/22 00:00:00+00,0.043347157520202,1.49363876437836,1,41429
205,27260,Wyndham (C),Victoria,542.0949,255322,51,2020/05/22 00:00:00+00,0.0555036707396539,1.25731000054941,51,5006
206,27350,Yarra (C),Victoria,19.5425,98521,31,2020/05/22 00:00:00+00,0.00200068685080623,0.406027443435698,31,3178
207,27450,Yarra Ranges (S),Victoria,2468.205,158173,24,2020/05/22 00:00:00+00,0.252246761830065,3.56387021303174,24,6590
208,27630,Yarriambiack (S),Victoria,7325.797,6658,1,2020/05/22 00:00:00+00,0.732269976137104,5.41100631257919,1,6658
209,29399,Unincorporated Vic,Victoria,283.0142,889,,1970/01/01 00:00:00+00,0.0289260031681806,2.84816887654672,,
210,30250,Aurukun (S),Queensland,7423.989,1382,,1970/01/01 00:00:00+00,0.620016715088923,5.27839127181466,,
211,30300,Balonne (S),Queensland,31103.7071,4334,,1970/01/01 00:00:00+00,2.86175103841811,8.79124631154131,,
212,30370,Banana (S),Queensland,28550.1626,14291,,1970/01/01 00:00:00+00,2.55189184057508,11.9969951985054,,
213,30410,Barcaldine (R),Queensland,53382.6558,2852,,1970/01/01 00:00:00+00,4.70584857747986,14.9143374908518,,
214,30450,Barcoo (S),Queensland,61830.0907,267,,1970/01/01 00:00:00+00,5.53525065950157,16.6821191284388,,
215,30760,Blackall-Tambo (R),Queensland,30537.2479,1863,,1970/01/01 00:00:00+00,2.72618854834786,10.855918217414,,
216,30900,Boulia (S),Queensland,60905.7352,425,,1970/01/01 00:00:00+00,5.34505220977894,14.3307063345332,,
217,31000,Brisbane (C),Queensland,1342.7188,1231605,,1970/01/01 00:00:00+00,0.122522402202321,5.00131471374451,,
218,31750,Bulloo (S),Queensland,73723.751,330,,1970/01/01 00:00:00+00,6.765295179752,12.2338644794778,,
219,31820,Bundaberg (R),Queensland,6431.003,95302,,1970/01/01 00:00:00+00,0.575042215753683,6.00667782617864,,
220,31900,Burdekin (S),Queensland,5043.9317,17077,,1970/01/01 00:00:00+00,0.434873448716871,4.44212533833663,,
221,31950,Burke (S),Queensland,39684.0526,352,,1970/01/01 00:00:00+00,3.38650798888489,12.8960673468098,,
222,32080,Cairns (R),Queensland,1689.3129,165525,,1970/01/01 00:00:00+00,0.143492127654099,2.99326505488514,,
223,32250,Carpentaria (S),Queensland,64121.0124,1974,,1970/01/01 00:00:00+00,5.45485237708999,20.134120978438,,
224,32260,Cassowary Coast (R),Queensland,4687.824,29689,,1970/01/01 00:00:00+00,0.399826035760043,7.09766755089145,,
225,32270,Central Highlands (R) (Qld),Queensland,59834.8359,28645,,1970/01/01 00:00:00+00,5.31083480798179,18.7029443408226,,
226,32310,Charters Towers (R),Queensland,68382.1643,11850,,1970/01/01 00:00:00+00,5.90867995926601,16.7381289009606,,
227,32330,Cherbourg (S),Queensland,31.6002,1315,,1970/01/01 00:00:00+00,0.00286439895762669,0.364417483801338,,
228,32450,Cloncurry (S),Queensland,47971.2596,3091,,1970/01/01 00:00:00+00,4.16288624474737,15.7236934044066,,
229,32500,Cook (S),Queensland,105718.7588,4445,,1970/01/01 00:00:00+00,8.85600500461999,34.0160567365138,,
230,32600,Croydon (S),Queensland,29497.9024,288,,1970/01/01 00:00:00+00,2.52479106786427,10.713156104138,,
231,32750,Diamantina (S),Queensland,94730.4545,292,,1970/01/01 00:00:00+00,8.44747302335009,15.676540394366,,
232,32770,Doomadgee (S),Queensland,1827.6518,1507,,1970/01/01 00:00:00+00,0.15554040905613,2.39133840669581,,
233,32810,Douglas (S),Queensland,2427.8626,12257,,1970/01/01 00:00:00+00,0.205237649602168,3.55605331387762,,
234,33100,Etheridge (S),Queensland,39199.2956,804,,1970/01/01 00:00:00+00,3.35380040021232,9.73698971130706,,
235,33200,Flinders (S) (Qld),Queensland,41199.9374,1499,,1970/01/01 00:00:00+00,3.57880481781672,10.3925642110224,,
236,33220,Fraser Coast (R),Queensland,7104.5987,105463,,1970/01/01 00:00:00+00,0.637830520081025,9.77538835485966,,
237,33360,Gladstone (R),Queensland,10484.2862,62979,,1970/01/01 00:00:00+00,0.931437334022121,11.9503849335691,,
238,33430,Gold Coast (C),Queensland,1333.7031,606774,,1970/01/01 00:00:00+00,0.12229414966987,4.07948944976182,,
239,33610,Goondiwindi (R),Queensland,19258.1008,10728,,1970/01/01 00:00:00+00,1.77275534258933,10.38783249067,,
240,33620,Gympie (R),Queensland,6883.9713,51586,,1970/01/01 00:00:00+00,0.621378778228973,7.04643044180557,,
241,33800,Hinchinbrook (S),Queensland,2807.1889,10805,,1970/01/01 00:00:00+00,0.240386210633005,3.22202102476343,,
242,33830,Hope Vale (S),Queensland,1111.7099,1081,,1970/01/01 00:00:00+00,0.0935666763289191,2.80256293486865,,
243,33960,Ipswich (C),Queensland,1093.857,213638,,1970/01/01 00:00:00+00,0.100048482101556,2.40115447822696,,
244,33980,Isaac (R),Queensland,58707.9174,20934,,1970/01/01 00:00:00+00,5.14295217802805,19.3830555103974,,
245,34420,Kowanyama (S),Queensland,2555.3325,977,,1970/01/01 00:00:00+00,0.215061920035168,2.66323538536873,,
246,34530,Livingstone (S),Queensland,11757.8683,37638,,1970/01/01 00:00:00+00,1.03392422158254,15.8671425431022,,
247,34570,Lockhart River (S),Queensland,3575.4992,782,,1970/01/01 00:00:00+00,0.297885425625736,4.60112030161693,,
248,34580,Lockyer Valley (R),Queensland,2269.0053,41011,,1970/01/01 00:00:00+00,0.207472611800767,3.00387710029523,,
249,34590,Logan (C),Queensland,958.1322,326615,,1970/01/01 00:00:00+00,0.0877306783690983,2.0499029490688,,
250,34710,Longreach (R),Queensland,40572.2443,3530,,1970/01/01 00:00:00+00,3.59275338706084,11.2896286083417,,
251,34770,Mackay (R),Queensland,7613.2964,116539,,1970/01/01 00:00:00+00,0.661941094430631,10.3904157967105,,
252,34800,McKinlay (S),Queensland,40736.7989,814,,1970/01/01 00:00:00+00,3.52849049799261,11.6689689072075,,
253,34830,Mapoon (S),Queensland,537.1003,325,,1970/01/01 00:00:00+00,0.0445782052759114,2.25533264215087,,
254,34860,Maranoa (R),Queensland,58705.2524,12791,,1970/01/01 00:00:00+00,5.31739437882857,14.2577021631352,,
255,34880,Mareeba (S),Queensland,53491.05,22517,,1970/01/01 00:00:00+00,4.5387307373112,12.7429176183537,,
256,35010,Moreton Bay (R),Queensland,2041.4746,459585,,1970/01/01 00:00:00+00,0.185769853310376,3.59156409723885,,
257,35250,Mornington (S),Queensland,1247.6932,1218,,1970/01/01 00:00:00+00,0.105675143042845,4.96711087785629,,
258,35300,Mount Isa (C),Queensland,43713.0221,18878,,1970/01/01 00:00:00+00,3.77235456881863,11.8637186549758,,
259,35600,Murweh (S),Queensland,40699.7585,4318,,1970/01/01 00:00:00+00,3.67519562754183,13.4416353754746,,
260,35670,Napranum (S),Queensland,2004.3545,1048,,1970/01/01 00:00:00+00,0.166694912230696,6.10631995083992,,
261,35740,Noosa (S),Queensland,869.8657,55369,,1970/01/01 00:00:00+00,0.0786512088343443,1.65325652154965,,
262,35760,North Burnett (R),Queensland,19669.8489,10628,,1970/01/01 00:00:00+00,1.76407976262067,9.07439791714346,,
263,35780,Northern Peninsula Area (R),Queensland,1052.0676,3069,,1970/01/01 00:00:00+00,0.0870411063534675,2.54130432292845,,
264,35790,Palm Island (S),Queensland,71.9928,2637,,1970/01/01 00:00:00+00,0.00612782643952414,0.913432434088301,,
265,35800,Paroo (S),Queensland,47612.8774,1586,,1970/01/01 00:00:00+00,4.37104892671164,11.0068111153837,,
266,36070,Pormpuraaw (S),Queensland,4395.3657,833,,1970/01/01 00:00:00+00,0.368879979088888,2.99625112257465,,
267,36150,Quilpie (S),Queensland,67414.6563,790,,1970/01/01 00:00:00+00,6.09602251056231,14.2805995351456,,
268,36250,Redland (C),Queensland,537.167,156863,,1970/01/01 00:00:00+00,0.0491221316378869,3.13801966366927,,
269,36300,Richmond (S),Queensland,26580.7478,806,,1970/01/01 00:00:00+00,2.30232552178791,8.27145195877534,,
270,36370,Rockhampton (R),Queensland,6570.2667,81067,,1970/01/01 00:00:00+00,0.58059643298725,5.37600110551871,,
271,36510,Scenic Rim (R),Queensland,4242.7432,42583,,1970/01/01 00:00:00+00,0.389464991314526,3.77895999916911,,
272,36580,Somerset (R),Queensland,5373.4337,25887,,1970/01/01 00:00:00+00,0.488622786257565,5.33545906296514,,
273,36630,South Burnett (R),Queensland,8381.558,32555,,1970/01/01 00:00:00+00,0.758223130408169,6.02615475898585,,
274,36660,Southern Downs (R),Queensland,7107.816,35601,,1970/01/01 00:00:00+00,0.65455299723908,5.52737194638717,,
275,36720,Sunshine Coast (R),Queensland,2253.8526,319922,,1970/01/01 00:00:00+00,0.204446486183315,3.32266696658792,,
276,36820,Tablelands (R),Queensland,11292.8698,25541,,1970/01/01 00:00:00+00,0.963122874429246,7.01762828031678,,
277,36910,Toowoomba (R),Queensland,12957.2108,167657,,1970/01/01 00:00:00+00,1.1842768956069,8.08078410715299,,
278,36950,Torres (S),Queensland,883.731,3848,,1970/01/01 00:00:00+00,0.0727984590591859,7.35104986600684,,
279,36960,Torres Strait Island (R),Queensland,490.031,4994,,1970/01/01 00:00:00+00,0.0403371071903393,2.68200389428231,,
280,37010,Townsville (C),Queensland,3730.82,194072,,1970/01/01 00:00:00+00,0.320913561035468,4.77352028201701,,
281,37300,Weipa (T),Queensland,10.8218,4240,,1970/01/01 00:00:00+00,0.000907921733755757,0.313957242365764,,
282,37310,Western Downs (R),Queensland,37936.593,34467,,1970/01/01 00:00:00+00,3.44506528281886,12.5909690555951,,
283,37340,Whitsunday (R),Queensland,23818.8922,35050,,1970/01/01 00:00:00+00,2.06519755317618,15.3012424419748,,
284,37400,Winton (S),Queensland,53813.4826,1157,,1970/01/01 00:00:00+00,4.72410207860344,12.7295772014094,,
285,37550,Woorabinda (S),Queensland,390.5578,1005,,1970/01/01 00:00:00+00,0.0346449729179312,1.73288182411179,,
286,37570,Wujal Wujal (S),Queensland,11.842,306,,1970/01/01 00:00:00+00,0.00100151484275557,0.249084804942946,,
287,37600,Yarrabah (S),Queensland,158.8381,2848,,1970/01/01 00:00:00+00,0.0134887817687286,0.951464170926036,,
288,40070,Adelaide (C),South Australia,15.5733,24794,,1970/01/01 00:00:00+00,0.00154026250947936,0.156335085556684,,
289,40120,Adelaide Hills (DC),South Australia,794.4957,39734,,1970/01/01 00:00:00+00,0.0783389629959856,1.83093380568812,,
290,40150,Adelaide Plains (DC),South Australia,932.4913,9059,,1970/01/01 00:00:00+00,0.0915048401866443,1.5596447156953,,
291,40220,Alexandrina (DC),South Australia,1826.8066,27037,,1970/01/01 00:00:00+00,0.181160854229802,2.14857338049546,,
292,40250,Anangu Pitjantjatjara (AC),South Australia,102353.0512,2558,,1970/01/01 00:00:00+00,9.30775352761452,15.1361851962214,,
293,40310,Barossa (DC),South Australia,893.5424,24808,,1970/01/01 00:00:00+00,0.0878214384215426,1.99958785981033,,
294,40430,Barunga West (DC),South Australia,1590.3887,2551,,1970/01/01 00:00:00+00,0.154782671637349,2.4492803192694,,
295,40520,Berri and Barmera (DC),South Australia,476.1962,10853,,1970/01/01 00:00:00+00,0.0466151711743805,1.97463130656808,,
296,40700,Burnside (C),South Australia,27.5183,45706,,1970/01/01 00:00:00+00,0.00270687201327746,0.322324857390538,,
297,40910,Campbelltown (C) (SA),South Australia,24.3486,51469,,1970/01/01 00:00:00+00,0.00240266307037018,0.265034284834309,,
298,41010,Ceduna (DC),South Australia,5420.3436,3466,,1970/01/01 00:00:00+00,0.517994765064032,5.84354009197079,,
299,41060,Charles Sturt (C),South Australia,54.7876,117382,,1970/01/01 00:00:00+00,0.00540587682553451,0.427668292335138,,
300,41140,Clare and Gilbert Valleys (DC),South Australia,1892.4466,9379,,1970/01/01 00:00:00+00,0.184670832274151,2.36335387877543,,
301,41190,Cleve (DC),South Australia,5018.8484,1799,,1970/01/01 00:00:00+00,0.488160564966165,2.80504533016927,,
302,41330,Coober Pedy (DC),South Australia,77.6795,1845,,1970/01/01 00:00:00+00,0.00719339855891121,0.345150352511006,,
303,41560,Copper Coast (DC),South Australia,772.9149,14872,,1970/01/01 00:00:00+00,0.0754412712217345,1.46665900164076,,
304,41750,Elliston (DC),South Australia,6741.9317,1019,,1970/01/01 00:00:00+00,0.654594118610476,4.97228775282622,,
305,41830,Flinders Ranges (DC),South Australia,4070.4827,1693,,1970/01/01 00:00:00+00,0.388851949023774,3.37752793659404,,
306,41960,Franklin Harbour (DC),South Australia,2755.564,1315,,1970/01/01 00:00:00+00,0.267434900935768,2.33855834413353,,
307,42030,Gawler (T),South Australia,41.1379,24018,,1970/01/01 00:00:00+00,0.00403729055824442,0.373355769997579,,
308,42110,Goyder (DC),South Australia,6715.1418,4206,,1970/01/01 00:00:00+00,0.652577971506162,3.94889619953057,,
309,42250,Grant (DC),South Australia,1898.0143,8511,,1970/01/01 00:00:00+00,0.194329362547705,2.62943906580927,,
310,42600,Holdfast Bay (C),South Australia,13.752,37032,,1970/01/01 00:00:00+00,0.00135968180802593,0.227713847946396,,
311,42750,Kangaroo Island (DC),South Australia,4400.8558,4933,,1970/01/01 00:00:00+00,0.438974902419432,5.38332371026354,,
312,43080,Karoonda East Murray (DC),South Australia,4415.7959,1112,,1970/01/01 00:00:00+00,0.435727820912689,3.09559637515565,,
313,43220,Kimba (DC),South Australia,5697.1076,1073,,1970/01/01 00:00:00+00,0.549573883198718,4.62132381785914,,
314,43360,Kingston (DC) (SA),South Australia,3339.7952,2374,,1970/01/01 00:00:00+00,0.33649672054662,3.20439679820375,,
315,43650,Light (RegC),South Australia,1276.8453,15339,,1970/01/01 00:00:00+00,0.125214881724332,2.37123155447032,,
316,43710,Lower Eyre Peninsula (DC),South Australia,4721.2875,5761,,1970/01/01 00:00:00+00,0.463205912672947,7.95859606210703,,
317,43790,Loxton Waikerie (DC),South Australia,7763.9231,11726,,1970/01/01 00:00:00+00,0.762187953939247,5.55720068091691,,
318,44000,Maralinga Tjarutja (AC),South Australia,102703.899,64,,1970/01/01 00:00:00+00,9.54559516501172,15.7211574838864,,
319,44060,Marion (C),South Australia,55.6407,92308,,1970/01/01 00:00:00+00,0.00549192050448255,0.405590592815218,,
320,44210,Mid Murray (DC),South Australia,6271.6254,8983,,1970/01/01 00:00:00+00,0.615285944626066,4.81073694711751,,
321,44340,Mitcham (C),South Australia,75.5468,67253,,1970/01/01 00:00:00+00,0.00747506992502167,0.424305792266313,,
322,44550,Mount Barker (DC),South Australia,594.6405,35545,,1970/01/01 00:00:00+00,0.0587696056300047,1.5656004871939,,
323,44620,Mount Gambier (C),South Australia,33.8938,27176,,1970/01/01 00:00:00+00,0.00346852302709522,0.269818127406938,,
324,44830,Mount Remarkable (DC),South Australia,3422.7733,2910,,1970/01/01 00:00:00+00,0.32925242240799,2.75029013042083,,
325,45040,Murray Bridge (RC),South Australia,1831.7597,22165,,1970/01/01 00:00:00+00,0.18117975062296,2.47033623586892,,
326,45090,Naracoorte and Lucindale (DC),South Australia,4520.127,8533,,1970/01/01 00:00:00+00,0.457509090003896,3.09669174637252,,
327,45120,Northern Areas (DC),South Australia,2986.1818,4603,,1970/01/01 00:00:00+00,0.289097724322801,2.72664398982475,,
328,45290,Norwood Payneham St Peters (C),South Australia,15.1036,36750,,1970/01/01 00:00:00+00,0.00149593592504971,0.195906393125974,,
329,45340,Onkaparinga (C),South Australia,518.1251,171489,,1970/01/01 00:00:00+00,0.0513009099477131,1.14135494348195,,
330,45400,Orroroo/Carrieton (DC),South Australia,3321.8238,854,,1970/01/01 00:00:00+00,0.318913386560325,2.5450723169379,,
331,45540,Peterborough (DC),South Australia,3020.142,1700,,1970/01/01 00:00:00+00,0.291114238044429,2.31213891339147,,
332,45680,Playford (C),South Australia,345.203,93426,,1970/01/01 00:00:00+00,0.033955123222313,1.41817590788212,,
333,45890,Port Adelaide Enfield (C),South Australia,91.7586,126120,,1970/01/01 00:00:00+00,0.00905092449283984,0.850974814828237,,
334,46090,Port Augusta (C),South Australia,1195.5836,14102,,1970/01/01 00:00:00+00,0.114834599582537,2.87048578774937,,
335,46300,Port Lincoln (C),South Australia,30.3681,14626,,1970/01/01 00:00:00+00,0.00299681379920003,0.379629894485578,,
336,46450,Port Pirie City and Dists (M),South Australia,1760.7097,17630,,1970/01/01 00:00:00+00,0.170578686203953,2.66179662491985,,
337,46510,Prospect (C),South Australia,7.7915,21259,,1970/01/01 00:00:00+00,0.000772457836774265,0.121526369404074,,
338,46670,Renmark Paringa (DC),South Australia,915.8655,9869,,1970/01/01 00:00:00+00,0.0894696231011949,2.03424283712643,,
339,46860,Robe (DC),South Australia,1091.7162,1444,,1970/01/01 00:00:00+00,0.110793957662281,1.70391078959145,,
340,46970,Roxby Downs (M),South Australia,110.4762,4014,,1970/01/01 00:00:00+00,0.010405095886199,0.442296021831481,,
341,47140,Salisbury (C),South Australia,159.8432,142555,,1970/01/01 00:00:00+00,0.0157299352667906,0.666510780925623,,
342,47290,Southern Mallee (DC),South Australia,5702.2095,2094,,1970/01/01 00:00:00+00,0.565734979434183,3.34114962604207,,
343,47490,Streaky Bay (DC),South Australia,6222.8591,2214,,1970/01/01 00:00:00+00,0.598657737802569,6.12069719457163,,
344,47630,Tatiara (DC),South Australia,6527.2084,6794,,1970/01/01 00:00:00+00,0.65429043344011,3.75277590791331,,
345,47700,Tea Tree Gully (C),South Australia,95.2108,99694,,1970/01/01 00:00:00+00,0.00937343957821213,0.586249450361545,,
346,47800,The Coorong (DC),South Australia,8833.434,5463,,1970/01/01 00:00:00+00,0.879861860951223,6.27981237699859,,
347,47910,Tumby Bay (DC),South Australia,2669.0747,2688,,1970/01/01 00:00:00+00,0.261084287811173,2.83389668239249,,
348,47980,Unley (C),South Australia,14.2703,39145,,1970/01/01 00:00:00+00,0.00139455303269642,0.170647684792681,,
349,48050,Victor Harbor (C),South Australia,384.6255,15248,,1970/01/01 00:00:00+00,0.0382288542341485,0.99460362859202,,
350,48130,Wakefield (DC),South Australia,3468.4881,6814,,1970/01/01 00:00:00+00,0.338531811979465,2.91847600765551,,
351,48260,Walkerville (M),South Australia,3.53,7944,,1970/01/01 00:00:00+00,0.000342703588103177,0.113861503607681,,
352,48340,Wattle Range (DC),South Australia,3926.3233,12031,,1970/01/01 00:00:00+00,0.400018878468927,3.47373965791586,,
353,48410,West Torrens (C),South Australia,37.04,60105,,1970/01/01 00:00:00+00,0.00365495952109995,0.274065933977181,,
354,48540,Whyalla (C),South Australia,1071.3398,21766,,1970/01/01 00:00:00+00,0.103398472684148,2.3704534013125,,
355,48640,Wudinna (DC),South Australia,5075.2783,1294,,1970/01/01 00:00:00+00,0.489635527087557,3.71439360911131,,
356,48750,Yankalilla (DC),South Australia,751.2577,5478,,1970/01/01 00:00:00+00,0.0746594238130456,1.5733228530613,,
357,48830,Yorke Peninsula (DC),South Australia,5899.6079,11328,,1970/01/01 00:00:00+00,0.580539186717942,5.5520858983533,,
358,49399,Unincorporated SA,South Australia,622489.4848,3520,,1970/01/01 00:00:00+00,58.0025577192673,59.0632453474392,,
359,50080,Albany (C),Western Australia,4310.8905,37826,6,2020/04/04 00:00:00+00,0.424388982967912,7.00109663260117,6 - 10,6304
360,50210,Armadale (C),Western Australia,559.5261,87634,8,2020/04/04 00:00:00+00,0.0535053372557286,1.39554267731822,6 - 10,10954
361,50250,Ashburton (S),Western Australia,100818.2074,13329,,1970/01/01 00:00:00+00,8.84780216078775,25.9575167673262,,
362,50280,Augusta-Margaret River (S),Western Australia,2122.3749,15700,2,2020/04/04 00:00:00+00,0.207347732549579,2.99621798246465,1 - 5,7850
363,50350,Bassendean (T),Western Australia,10.3449,15739,2,2020/04/04 00:00:00+00,0.000984982831369052,0.141508101826057,1 - 5,7869
364,50420,Bayswater (C),Western Australia,34.6168,68232,14,2020/04/04 00:00:00+00,0.00329644928933703,0.334343484439986,11 - 15,4873
365,50490,Belmont (C),Western Australia,39.8246,41510,2,2020/04/04 00:00:00+00,0.00380157278482329,0.289277483334535,1 - 5,20755
366,50560,Beverley (S),Western Australia,2370.5195,1748,,1970/01/01 00:00:00+00,0.226644127614236,3.00408818183028,,
367,50630,Boddington (S),Western Australia,1904.4791,1833,,1970/01/01 00:00:00+00,0.183375973653483,2.16766077882288,,
368,50770,Boyup Brook (S),Western Australia,2826.4586,1756,,1970/01/01 00:00:00+00,0.275458819470259,3.27820129867522,,
369,50840,Bridgetown-Greenbushes (S),Western Australia,1337.361,4722,1,2020/04/04 00:00:00+00,0.130503950711727,2.19631206678075,1 - 5,4722
370,50910,Brookton (S),Western Australia,1601.1532,965,,1970/01/01 00:00:00+00,0.153433471376729,2.64232204617623,,
371,50980,Broome (S),Western Australia,54401.8236,16952,8,2020/04/04 00:00:00+00,4.65526853772667,20.729822984456,6 - 10,2119
372,51080,Broomehill-Tambellup (S),Western Australia,2609.6585,1132,,1970/01/01 00:00:00+00,0.254718589273352,2.85049148068494,,
373,51120,Bruce Rock (S),Western Australia,2724.6944,940,,1970/01/01 00:00:00+00,0.259906805634046,2.74744288188163,,
374,51190,Bunbury (C),Western Australia,65.4163,31776,1,2020/04/04 00:00:00+00,0.0063188290009748,0.486411716107842,1 - 5,31776
375,51260,Busselton (C),Western Australia,1454.0505,38926,4,2020/04/04 00:00:00+00,0.141352038893501,2.41302426691558,1 - 5,9731
376,51310,Cambridge (T),Western Australia,21.9554,28481,3,2020/04/04 00:00:00+00,0.00210422974009816,0.289279519090593,1 - 5,9493
377,51330,Canning (C),Western Australia,64.8789,92965,10,2020/04/04 00:00:00+00,0.00618540464142825,0.483228268190919,6 - 10,9296
378,51400,Capel (S),Western Australia,557.8983,18022,,1970/01/01 00:00:00+00,0.0541702905602506,1.18028924232298,,
379,51470,Carnamah (S),Western Australia,2870.9247,541,,1970/01/01 00:00:00+00,0.267769508737729,3.52283190315602,,
380,51540,Carnarvon (S),Western Australia,46574.6082,5362,1,2020/04/04 00:00:00+00,4.14422868226166,14.9010650493635,1 - 5,5362
381,51610,Chapman Valley (S),Western Australia,3981.3333,1492,,1970/01/01 00:00:00+00,0.366347522065098,3.92127145526347,,
382,51680,Chittering (S),Western Australia,1219.9032,5742,,1970/01/01 00:00:00+00,0.115629604143805,1.94438080412779,,
383,51750,Claremont (T),Western Australia,4.9556,10704,5,2020/04/04 00:00:00+00,0.000479656675679507,0.116607862993052,1 - 5,2140
384,51820,Cockburn (C),Western Australia,167.8989,112165,16,2020/04/04 00:00:00+00,0.0160092208870992,0.928943090365196,11 - 15,7010
385,51890,Collie (S),Western Australia,1709.8149,8754,,1970/01/01 00:00:00+00,0.165544596734435,2.60829861346196,,
386,51960,Coolgardie (S),Western Australia,30297.6977,3506,,1970/01/01 00:00:00+00,2.86664539474714,7.90883171663452,,
387,52030,Coorow (S),Western Australia,4189.8791,1004,,1970/01/01 00:00:00+00,0.391836606087963,4.20882315962889,,
388,52100,Corrigin (S),Western Australia,2681.2709,1146,,1970/01/01 00:00:00+00,0.256853806979279,2.73955186162906,,
389,52170,Cottesloe (T),Western Australia,3.8564,8188,5,2020/04/04 00:00:00+00,0.000370748291061318,0.0986746459316107,1 - 5,1637
390,52240,Cranbrook (S),Western Australia,3276.0491,1077,,1970/01/01 00:00:00+00,0.320925538238953,4.02251377001652,,
391,52310,Cuballing (S),Western Australia,1195.337,862,,1970/01/01 00:00:00+00,0.114988655601564,1.77998727688076,,
392,52380,Cue (S),Western Australia,13582.1956,148,,1970/01/01 00:00:00+00,1.23840004111389,6.86536171665247,,
393,52450,Cunderdin (S),Western Australia,1862.4458,1440,,1970/01/01 00:00:00+00,0.177005455842163,2.29148606299665,,
394,52520,Dalwallinu (S),Western Australia,7224.3566,1431,,1970/01/01 00:00:00+00,0.676232944141702,5.09101557123994,,
395,52590,Dandaragan (S),Western Australia,6711.5721,3259,,1970/01/01 00:00:00+00,0.63098351441954,4.13371718468157,,
396,52660,Dardanup (S),Western Australia,525.8017,14368,2,2020/04/04 00:00:00+00,0.0509444223746414,1.65355601143038,1 - 5,7184
397,52730,Denmark (S),Western Australia,1859.8488,6154,,1970/01/01 00:00:00+00,0.183534584578865,2.7671973648506,,
398,52800,Derby-West Kimberley (S),Western Australia,119730.9697,8255,,1970/01/01 00:00:00+00,10.2031331912517,46.9849475718831,,
399,52870,Donnybrook-Balingup (S),Western Australia,1559.8561,6062,,1970/01/01 00:00:00+00,0.15163800618916,2.42004909076437,,
400,52940,Dowerin (S),Western Australia,1863.0851,676,,1970/01/01 00:00:00+00,0.176155740745344,2.4198536760298,,
401,53010,Dumbleyung (S),Western Australia,2539.2249,676,1,2020/04/04 00:00:00+00,0.245585661102723,3.04653041093061,1 - 5,676
402,53080,Dundas (S),Western Australia,92885.0302,735,,1970/01/01 00:00:00+00,8.86686704241106,21.1844124773849,,
403,53150,East Fremantle (T),Western Australia,3.1384,7811,3,2020/04/04 00:00:00+00,0.000300982728958843,0.0753396301270917,1 - 5,2603
404,53220,East Pilbara (S),Western Australia,372307.466,10970,,1970/01/01 00:00:00+00,32.522959763078,33.7113213121314,,
405,53290,Esperance (S),Western Australia,44797.5456,14281,,1970/01/01 00:00:00+00,4.33325812397788,16.9203963443259,,
406,53360,Exmouth (S),Western Australia,6488.0705,2836,,1970/01/01 00:00:00+00,0.569479547439414,6.90516178953122,,
407,53430,Fremantle (C),Western Australia,19.0103,30868,6,2020/04/04 00:00:00+00,0.00182071344329415,0.40481850154976,6 - 10,5144
408,53570,Gingin (S),Western Australia,3208.3585,5258,1,2020/04/04 00:00:00+00,0.303600348654072,2.6256534094568,1 - 5,5258
409,53640,Gnowangerup (S),Western Australia,4265.0424,1207,,1970/01/01 00:00:00+00,0.416419826606898,3.63175842272138,,
410,53710,Goomalling (S),Western Australia,1835.4294,1011,1,2020/04/04 00:00:00+00,0.173783356466402,2.27284570509689,1 - 5,1011
411,53780,Gosnells (C),Western Australia,127.2975,123325,7,2020/04/04 00:00:00+00,0.0121626172272045,0.571562828666664,6 - 10,17617
412,53800,Greater Geraldton (C),Western Australia,9909.0003,38738,2,2020/04/04 00:00:00+00,0.913719550478163,8.85512654228621,1 - 5,19369
413,53920,Halls Creek (S),Western Australia,133061.0128,3490,,1970/01/01 00:00:00+00,11.4267540775409,19.1278965748138,,
414,53990,Harvey (S),Western Australia,1727.6068,27798,1,2020/04/04 00:00:00+00,0.166884764597626,2.31309509841077,1 - 5,27798
415,54060,Irwin (S),Western Australia,2369.3298,3560,,1970/01/01 00:00:00+00,0.220119914456745,2.25287316332385,,
416,54130,Jerramungup (S),Western Australia,6508.5904,1133,,1970/01/01 00:00:00+00,0.635676815324814,4.81198842611086,,
417,54170,Joondalup (C),Western Australia,98.9285,160031,32,2020/04/04 00:00:00+00,0.00940835599749335,0.489658891396665,20+,5000
418,54200,Kalamunda (C),Western Australia,324.2957,58946,7,2020/04/04 00:00:00+00,0.0309357431299304,0.987359021738867,6 - 10,8420
419,54280,Kalgoorlie/Boulder (C),Western Australia,95498.052,29998,3,2020/04/07 00:00:00+00,8.99892538768518,18.8638786883622,1 - 5,9999
420,54310,Karratha (C),Western Australia,15237.3974,22414,2,2020/04/04 00:00:00+00,1.32399671446501,20.9423017097935,1 - 5,11207
421,54340,Katanning (S),Western Australia,1518.1854,4085,,1970/01/01 00:00:00+00,0.147505919028617,2.06539692244737,,
422,54410,Kellerberrin (S),Western Australia,1915.433,1207,,1970/01/01 00:00:00+00,0.182004563140026,2.22443739838345,,
423,54480,Kent (S),Western Australia,5624.5818,562,,1970/01/01 00:00:00+00,0.546064961623642,4.60662637402664,,
424,54550,Kojonup (S),Western Australia,2930.9926,1980,,1970/01/01 00:00:00+00,0.28570337189467,2.85407370123852,,
425,54620,Kondinin (S),Western Australia,7440.8016,870,,1970/01/01 00:00:00+00,0.713582092688512,5.31203979878978,,
426,54690,Koorda (S),Western Australia,2832.3131,408,,1970/01/01 00:00:00+00,0.266367199643355,2.62538119514253,,
427,54760,Kulin (S),Western Australia,4718.9219,774,,1970/01/01 00:00:00+00,0.453856453274739,5.13974053363152,,
428,54830,Kwinana (C),Western Australia,120.0121,43511,3,2020/04/04 00:00:00+00,0.0115221235619174,0.487608925118597,1 - 5,14503
429,54900,Lake Grace (S),Western Australia,11886.3199,1282,,1970/01/01 00:00:00+00,1.14770774968679,6.42090451296754,,
430,54970,Laverton (S),Western Australia,179984.601,1206,,1970/01/01 00:00:00+00,16.496220573461,21.4262692411673,,
431,55040,Leonora (S),Western Australia,31915.0562,1529,,1970/01/01 00:00:00+00,2.9342981625698,11.3585085070964,,
432,55110,Mandurah (C),Western Australia,174.8967,85302,24,2020/04/04 00:00:00+00,0.0168393530957474,1.28408124596323,20+,3554
433,55180,Manjimup (S),Western Australia,7029.6077,9159,,1970/01/01 00:00:00+00,0.690472925415861,4.99688491239893,,
434,55250,Meekatharra (S),Western Australia,100188.5477,1008,,1970/01/01 00:00:00+00,8.97165687604229,16.1532574232526,,
435,55320,Melville (C),Western Australia,52.8506,101940,20,2020/04/04 00:00:00+00,0.00505020418313507,0.415709087028682,16 - 20,5097
436,55390,Menzies (S),Western Australia,124110.9368,521,,1970/01/01 00:00:00+00,11.5541238275116,25.7293650717178,,
437,55460,Merredin (S),Western Australia,3293.7824,3410,,1970/01/01 00:00:00+00,0.312729970683904,3.11566805448915,,
438,55530,Mingenew (S),Western Australia,1934.8857,432,,1970/01/01 00:00:00+00,0.179402056660592,2.07480758222075,,
439,55600,Moora (S),Western Australia,3763.0254,2426,,1970/01/01 00:00:00+00,0.353530641878933,3.19546354402636,,
440,55670,Morawa (S),Western Australia,3510.5928,698,,1970/01/01 00:00:00+00,0.325276016983935,3.0999082464627,,
441,55740,Mosman Park (T),Western Australia,4.3472,9067,4,2020/04/04 00:00:00+00,0.000412149948942897,0.0904339301898992,1 - 5,2266
442,55810,Mount Magnet (S),Western Australia,13858.1182,464,,1970/01/01 00:00:00+00,1.27412226174852,7.31163273592717,,
443,55880,Mount Marshall (S),Western Australia,10184.5937,518,,1970/01/01 00:00:00+00,0.9541508821153,5.82353184735395,,
444,55950,Mukinbudin (S),Western Australia,3426.9441,531,,1970/01/01 00:00:00+00,0.322407209763242,2.8702349775497,,
445,56090,Mundaring (S),Western Australia,643.2013,39139,8,2020/04/04 00:00:00+00,0.0613438658963332,1.75932624212504,6 - 10,4892
446,56160,Murchison (S),Western Australia,45046.0922,162,,1970/01/01 00:00:00+00,4.08754080363792,13.0523678503555,,
447,56230,Murray (S),Western Australia,1703.4688,17653,1,2020/04/07 00:00:00+00,0.163651052693012,2.31468388761503,1 - 5,17653
448,56300,Nannup (S),Western Australia,3053.9361,1363,,1970/01/01 00:00:00+00,0.298430528085191,2.74536346682078,,
449,56370,Narembeen (S),Western Australia,3809.0285,837,,1970/01/01 00:00:00+00,0.3636805153767,3.1048960774695,,
450,56460,Narrogin (S),Western Australia,1631.3024,5040,,1970/01/01 00:00:00+00,0.157373242084759,2.49079900249947,,
451,56580,Nedlands (C),Western Australia,19.645,22554,8,2020/04/04 00:00:00+00,0.00186973289623893,0.309129809381056,6 - 10,2819
452,56620,Ngaanyatjarraku (S),Western Australia,159821.7026,1747,,1970/01/01 00:00:00+00,14.308353724158,15.2770718017091,,
453,56730,Northam (S),Western Australia,1431.2215,11190,,1970/01/01 00:00:00+00,0.136131301178466,2.43235149451503,,
454,56790,Northampton (S),Western Australia,12543.7142,3077,,1970/01/01 00:00:00+00,1.14820911108927,5.65728252897402,,
455,56860,Nungarin (S),Western Australia,1166.0245,247,,1970/01/01 00:00:00+00,0.110298067924987,2.09903514602442,,
456,56930,Peppermint Grove (S),Western Australia,1.0677,1721,1,2020/04/04 00:00:00+00,0.000101273710697569,0.047689756172769,1 - 5,1721
457,57000,Perenjori (S),Western Australia,8301.3551,596,,1970/01/01 00:00:00+00,0.771937645320349,5.13790619068931,,
458,57080,Perth (C),Western Australia,13.7193,27762,9,2020/04/04 00:00:00+00,0.0012960774270141,0.254466227517863,6 - 10,3084
459,57140,Pingelly (S),Western Australia,1294.5721,1152,,1970/01/01 00:00:00+00,0.124235725407061,2.30092626257545,,
460,57210,Plantagenet (S),Western Australia,4876.6821,5249,,1970/01/01 00:00:00+00,0.479124782757026,4.66291841172307,,
461,57280,Port Hedland (T),Western Australia,18417.0777,14975,1,2020/04/07 00:00:00+00,1.59923666686245,12.6692135385215,1 - 5,14975
462,57350,Quairading (S),Western Australia,2016.9269,1007,,1970/01/01 00:00:00+00,0.192493040208774,2.5482541846501,,
463,57420,Ravensthorpe (S),Western Australia,9841.7503,1598,,1970/01/01 00:00:00+00,0.956264729175928,5.29049730550889,,
464,57490,Rockingham (C),Western Australia,257.497,133389,18,2020/04/04 00:00:00+00,0.0247090081809347,1.15775318202884,16 - 20,7410
465,57630,Sandstone (S),Western Australia,32605.2911,81,,1970/01/01 00:00:00+00,3.00042388176757,10.5113330624098,,
466,57700,Serpentine-Jarrahdale (S),Western Australia,901.2056,30933,4,2020/04/04 00:00:00+00,0.0863399860656955,1.45155864679883,1 - 5,7733
467,57770,Shark Bay (S),Western Australia,24201.2466,946,,1970/01/01 00:00:00+00,2.19199608229656,18.618596422604,,
468,57840,South Perth (C),Western Australia,19.8116,43554,7,2020/04/04 00:00:00+00,0.00190444726354144,0.246871583171609,6 - 10,6222
469,57910,Stirling (C),Western Australia,104.727,220249,32,2020/04/04 00:00:00+00,0.00999341817214372,0.481934237611915,20+,6882
470,57980,Subiaco (C),Western Australia,5.6182,17106,4,2020/04/04 00:00:00+00,0.000540105792879331,0.111865859113112,1 - 5,4276
471,58050,Swan (C),Western Australia,1042.9933,143374,10,2020/04/04 00:00:00+00,0.0992560015681647,1.78295879458031,6 - 10,14337
472,58190,Tammin (S),Western Australia,1101.692,401,,1970/01/01 00:00:00+00,0.104703250814509,1.72585971419218,,
473,58260,Three Springs (S),Western Australia,2656.6928,591,,1970/01/01 00:00:00+00,0.247232945605447,2.56351253864256,,
474,58330,Toodyay (S),Western Australia,1691.6486,4427,2,2020/04/04 00:00:00+00,0.16056316574236,2.06108729843959,1 - 5,2213
475,58400,Trayning (S),Western Australia,1651.2043,348,,1970/01/01 00:00:00+00,0.156170838924709,2.02749431335484,,
476,58470,Upper Gascoyne (S),Western Australia,57809.8737,279,,1970/01/01 00:00:00+00,5.15877798739575,13.3857959939793,,
477,58510,Victoria Park (T),Western Australia,17.9397,36601,5,2020/04/04 00:00:00+00,0.00171614499868156,0.240811046478211,1 - 5,7320
478,58540,Victoria Plains (S),Western Australia,2551.0132,934,,1970/01/01 00:00:00+00,0.240971648692039,2.70499789260083,,
479,58570,Vincent (C),Western Australia,11.3769,36088,3,2020/04/04 00:00:00+00,0.00108682422455786,0.164282748338207,1 - 5,12029
480,58610,Wagin (S),Western Australia,1946.1763,1824,,1970/01/01 00:00:00+00,0.188394974984931,2.67798657284896,,
481,58680,Wandering (S),Western Australia,1903.8645,431,,1970/01/01 00:00:00+00,0.18282072910165,2.45558106672797,,
482,58760,Wanneroo (C),Western Australia,683.2603,203679,30,2020/04/04 00:00:00+00,0.0650209371333403,1.32919026284513,20+,6789
483,58820,Waroona (S),Western Australia,832.2286,4169,,1970/01/01 00:00:00+00,0.080199310925309,1.72625373614521,,
484,58890,West Arthur (S),Western Australia,2831.8272,798,,1970/01/01 00:00:00+00,0.274614503608746,2.99353433213539,,
485,59030,Westonia (S),Western Australia,3319.4497,302,,1970/01/01 00:00:00+00,0.31350607116201,3.46858602273364,,
486,59100,Wickepin (S),Western Australia,2040.8985,730,,1970/01/01 00:00:00+00,0.196505812311443,2.46780637732589,,
487,59170,Williams (S),Western Australia,2304.7119,1024,,1970/01/01 00:00:00+00,0.222539010971104,2.59655331360251,,
488,59250,Wiluna (S),Western Australia,181297.3382,706,,1970/01/01 00:00:00+00,16.2552191265931,18.1028235250013,,
489,59310,Wongan-Ballidu (S),Western Australia,3365.0675,1299,,1970/01/01 00:00:00+00,0.316913591675529,2.94103572744074,,
490,59320,Woodanilling (S),Western Australia,1128.8348,428,,1970/01/01 00:00:00+00,0.109582675467664,2.17580841532029,,
491,59330,Wyalkatchem (S),Western Australia,1594.4885,498,,1970/01/01 00:00:00+00,0.150882118275604,2.18247895888532,,
492,59340,Wyndham-East Kimberley (S),Western Australia,112065.9843,7317,2,2020/04/04 00:00:00+00,9.44137615017507,72.6989237306453,1 - 5,3658
493,59350,Yalgoo (S),Western Australia,27949.4641,357,,1970/01/01 00:00:00+00,2.57755828769382,13.5515410621543,,
494,59360,Yilgarn (S),Western Australia,30428.765,1169,,1970/01/01 00:00:00+00,2.87278764456005,8.23054750475674,,
495,59370,York (S),Western Australia,2131.5916,3591,,1970/01/01 00:00:00+00,0.203262818754638,2.96856607726688,,
496,60210,Break O'Day (M),Tasmania,3523.8859,6232,,1970/01/01 00:00:00+00,0.379717774833352,5.48077825522794,,
497,60410,Brighton (M),Tasmania,171.1508,17294,,1970/01/01 00:00:00+00,0.018806759203926,1.093593586662,,
498,60610,Burnie (C),Tasmania,610.9529,19348,,1970/01/01 00:00:00+00,0.065573380900787,1.53227381707334,,
499,60810,Central Coast (M) (Tas.),Tasmania,933.0892,21904,,1970/01/01 00:00:00+00,0.100271184991016,2.23565585544628,,
500,61010,Central Highlands (M) (Tas.),Tasmania,7982.4155,2144,,1970/01/01 00:00:00+00,0.870222104169443,5.20180518983463,,
501,61210,Circular Head (M),Tasmania,4898.011,8066,,1970/01/01 00:00:00+00,0.524747324788677,9.83790814049654,,
502,61410,Clarence (C),Tasmania,377.9552,56945,,1970/01/01 00:00:00+00,0.041686739504712,2.69845408873767,,
503,61510,Derwent Valley (M),Tasmania,4108.1112,10290,,1970/01/01 00:00:00+00,0.452152020955509,4.22184331491662,,
504,61610,Devonport (C),Tasmania,111.259,25415,,1970/01/01 00:00:00+00,0.0119521508127036,0.903948094531734,,
505,61810,Dorset (M),Tasmania,3230.5456,6652,,1970/01/01 00:00:00+00,0.34620873230142,4.46024748572309,,
506,62010,Flinders (M) (Tas.),Tasmania,1996.6244,987,,1970/01/01 00:00:00+00,0.211218953405933,8.63499365498128,,
507,62210,George Town (M),Tasmania,653.4377,6931,,1970/01/01 00:00:00+00,0.0700686798486458,1.77520557227395,,
508,62410,Glamorgan/Spring Bay (M),Tasmania,2591.5618,4528,,1970/01/01 00:00:00+00,0.282827356951657,8.40361077538594,,
509,62610,Glenorchy (C),Tasmania,121.1483,47636,,1970/01/01 00:00:00+00,0.013322381881153,0.830552042111262,,
510,62810,Hobart (C),Tasmania,77.9097,53684,,1970/01/01 00:00:00+00,0.00860542889404314,0.580591550355498,,
511,63010,Huon Valley (M),Tasmania,5507.3541,17219,,1970/01/01 00:00:00+00,0.610426670164543,11.6390211986245,,
512,63210,Kentish (M),Tasmania,1156.1887,6324,,1970/01/01 00:00:00+00,0.124644651199105,2.37663931958896,,
513,63410,King Island (M),Tasmania,1095.7407,1601,,1970/01/01 00:00:00+00,0.115409423206529,2.27691852227005,,
514,63610,Kingborough (M),Tasmania,720.1029,37734,,1970/01/01 00:00:00+00,0.0798176419480114,5.28774495033594,,
515,63810,Latrobe (M) (Tas.),Tasmania,600.4617,11329,,1970/01/01 00:00:00+00,0.0645269780902709,2.45253932877214,,
516,64010,Launceston (C),Tasmania,1413.6306,67449,,1970/01/01 00:00:00+00,0.152071674405306,2.58685481708938,,
517,64210,Meander Valley (M),Tasmania,3330.8145,19713,,1970/01/01 00:00:00+00,0.359846166837087,4.05097150908227,,
518,64610,Northern Midlands (M),Tasmania,5135.2503,13300,,1970/01/01 00:00:00+00,0.556761362356156,5.14407538287987,,
519,64810,Sorell (M),Tasmania,583.7776,15218,,1970/01/01 00:00:00+00,0.0642577791886652,2.14892709899077,,
520,65010,Southern Midlands (M),Tasmania,2615.4934,6118,,1970/01/01 00:00:00+00,0.286156324343665,3.64768677689605,,
521,65210,Tasman (M),Tasmania,660.3947,2404,,1970/01/01 00:00:00+00,0.0729723470531098,4.09995944376324,,
522,65410,Waratah/Wynyard (M),Tasmania,3535.9075,13800,,1970/01/01 00:00:00+00,0.380712867096463,3.543219829233,,
523,65610,West Coast (M),Tasmania,9583.5388,4167,,1970/01/01 00:00:00+00,1.04635868773903,11.5849322217788,,
524,65810,West Tamar (M),Tasmania,691.147,23769,,1970/01/01 00:00:00+00,0.0742627101444668,2.50444390609595,,
525,70200,Alice Springs (T),Northern Territory,327.7133,26534,,1970/01/01 00:00:00+00,0.0290204582713613,0.879766675172542,,
526,70420,Barkly (R),Northern Territory,322713.2188,7392,,1970/01/01 00:00:00+00,27.7712387694221,28.0081482790952,,
527,70540,Belyuen (S),Northern Territory,41.4054,174,,1970/01/01 00:00:00+00,0.00344375298891464,0.23474117705277,,
528,70620,Central Desert (R),Northern Territory,281312.0262,4208,,1970/01/01 00:00:00+00,24.5247969888324,33.7757702754534,,
529,70700,Coomalie (S),Northern Territory,2056.0547,1391,,1970/01/01 00:00:00+00,0.171423368187902,2.68173514793,,
530,71000,Darwin (C),Northern Territory,111.318,84613,,1970/01/01 00:00:00+00,0.00926065142323296,0.615562002114314,,
531,71300,East Arnhem (R),Northern Territory,33309.9334,10345,,1970/01/01 00:00:00+00,2.77524088298605,38.0453876153581,,
532,72200,Katherine (T),Northern Territory,7416.6444,10621,,1970/01/01 00:00:00+00,0.622375386052909,3.95979539981874,,
533,72300,Litchfield (M),Northern Territory,2903.1459,25598,,1970/01/01 00:00:00+00,0.241480592849712,4.35215841513363,,
534,72330,MacDonnell (R),Northern Territory,268329.3474,6863,,1970/01/01 00:00:00+00,23.9296156789194,26.4910754678824,,
535,72800,Palmerston (C),Northern Territory,52.6559,37862,,1970/01/01 00:00:00+00,0.00438087513657592,0.324319184527759,,
536,73600,Roper Gulf (R),Northern Territory,185210.2475,7397,,1970/01/01 00:00:00+00,15.597903494707,33.0642741164229,,
537,74050,Tiwi Islands (R),Northern Territory,7483.1661,2753,,1970/01/01 00:00:00+00,0.620095919791879,8.66295967045795,,
538,74550,Victoria Daly (R),Northern Territory,153287.0839,3138,,1970/01/01 00:00:00+00,12.96004198013,26.4682485057569,,
539,74560,Wagait (S),Northern Territory,5.6378,508,,1970/01/01 00:00:00+00,0.000466634742679162,0.165503331664576,,
540,74660,West Arnhem (R),Northern Territory,49675.0343,6902,,1970/01/01 00:00:00+00,4.13101162628027,22.8851514845746,,
541,74680,West Daly (R),Northern Territory,14069.6979,3649,,1970/01/01 00:00:00+00,1.17822101463923,7.48303731164228,,
542,79399,Unincorporated NT,Northern Territory,19789.9972,7379,,1970/01/01 00:00:00+00,1.64967054236979,19.0645809666673,,
543,89399,Unincorporated ACT,Australian Capital Territory,2358.172,420960,,1970/01/01 00:00:00+00,0.234256782252487,2.96795354879112,,
544,99399,Unincorp. Other Territories,Other Territories,256.3162,,,1970/01/01 00:00:00+00,0.0226763065458044,2.8453835052449,,
