OBJECTID,LGA_CODE19,LGA_NAME19,STE_NAME16,AREASQKM19,Population,Cases,LastUpdated,Shape__Area,Shape__Length,Cases_Str,PopNorm,Nomes,Casos
1,10050,Albury (C),New South Wales,305.9459,53767.0,8.0,2020/04/15 00:00:00+00,0.030586873861921,1.2603899546066202,8,6720.0,Albury,8.0
2,10130,Armidale Regional (A),New South Wales,8620.699,30707.0,4.0,2020/04/17 00:00:00+00,0.808783115850929,6.88374291920087,4,7676.0,Armidale Regional,4.0
3,10250,Ballina (A),New South Wales,484.9389,44208.0,8.0,2020/04/14 00:00:00+00,0.0448576998660428,1.4226090234026598,8,5526.0,Ballina,8.0
4,10300,Balranald (A),New South Wales,21690.6753,2340.0,,1970/01/01 00:00:00+00,2.1153934574113,11.1973948703332,,,Balranald,0.0
5,10470,Bathurst Regional (A),New South Wales,3817.8646,43206.0,9.0,2020/03/29 00:00:00+00,0.370170080626394,5.24229674422154,9,4800.0,Bathurst Regional,9.0
6,10500,Bayside (A),New South Wales,49.8904,174378.0,67.0,2020/05/13 00:00:00+00,0.0048665188205632105,0.5419517382504071,67,2602.0,Bayside,67.0
7,10550,Bega Valley (A),New South Wales,6278.8811,34348.0,9.0,2020/03/31 00:00:00+00,0.6342830072053399,5.5914285273756805,9,3816.0,Bega Valley,9.0
8,10600,Bellingen (A),New South Wales,1600.4337,12963.0,1.0,2020/03/27 00:00:00+00,0.150244694817047,2.2369911827134104,1,12963.0,Bellingen,1.0
9,10650,Berrigan (A),New South Wales,2065.7759,8707.0,5.0,2020/04/03 00:00:00+00,0.205756301892052,2.8506929145379596,5,1741.0,Berrigan,5.0
10,10750,Blacktown (C),New South Wales,240.0487,366534.0,113.0,2020/05/15 00:00:00+00,0.0233270209196235,0.715740798476075,113,3243.0,Blacktown,113.0
11,10800,Bland (A),New South Wales,8557.6535,5985.0,,1970/01/01 00:00:00+00,0.8341277097079,5.59533472942527,,,Bland,0.0
12,10850,Blayney (A),New South Wales,1524.6470000000002,7342.0,3.0,2020/03/23 00:00:00+00,0.148086847079412,2.24380217550732,3,2447.0,Blayney,3.0
13,10900,Blue Mountains (C),New South Wales,1431.1442,79260.0,27.0,2020/05/12 00:00:00+00,0.13920577302496898,3.0197802342029703,27,2935.0,Blue Mountains,27.0
14,10950,Bogan (A),New South Wales,14599.8996,2621.0,,1970/01/01 00:00:00+00,1.38667425478707,7.35810146282546,,,Bogan,0.0
15,11150,Bourke (A),New South Wales,41599.5072,2630.0,,1970/01/01 00:00:00+00,3.8861448188217795,10.5624576772014,,,Bourke,0.0
16,11200,Brewarrina (A),New South Wales,19163.4798,1655.0,,1970/01/01 00:00:00+00,1.7880371382684601,9.69843522983716,,,Brewarrina,0.0
17,11250,Broken Hill (C),New South Wales,170.1153,17734.0,2.0,2020/04/02 00:00:00+00,0.0162704816452788,0.609550835957855,2,8867.0,Broken Hill,2.0
18,11300,Burwood (A),New South Wales,7.1281,39886.0,8.0,2020/04/08 00:00:00+00,0.0007010355570855611,0.116647108788949,8,4985.0,Burwood,8.0
19,11350,Byron (A),New South Wales,565.8029,34574.0,16.0,2020/04/18 00:00:00+00,0.0522458731898041,1.4752989542965,16,2160.0,Byron,16.0
20,11400,Cabonne (A),New South Wales,6022.3498,13680.0,5.0,2020/04/04 00:00:00+00,0.582055418321943,6.530505205692401,5,2736.0,Cabonne,5.0
21,11450,Camden (A),New South Wales,201.0281,94159.0,40.0,2020/05/08 00:00:00+00,0.0196240777067942,0.7246016335748809,40,2353.0,Camden,40.0
22,11500,Campbelltown (C) (NSW),New South Wales,311.9111,168139.0,34.0,2020/04/16 00:00:00+00,0.0304930736674578,0.94412122718961,34,4945.0,Campbelltown,34.0
23,11520,Canada Bay (A),New South Wales,19.9233,95159.0,30.0,2020/05/05 00:00:00+00,0.0019472037693049101,0.40939559854644997,30,3171.0,Canada Bay,30.0
24,11570,Canterbury-Bankstown (A),New South Wales,110.2368,373931.0,98.0,2020/05/21 00:00:00+00,0.0107361034588394,0.688736228459791,98,3815.0,Canterbury-Bankstown,98.0
25,11600,Carrathool (A),New South Wales,18934.4852,2802.0,,1970/01/01 00:00:00+00,1.8394312647255902,10.8853427812869,,,Carrathool,0.0
26,11650,Central Coast (C) (NSW),New South Wales,1681.0695,342047.0,117.0,2020/05/08 00:00:00+00,0.16285035240980497,4.997900204027419,117,2923.0,Central Coast,117.0
27,11700,Central Darling (A),New South Wales,53492.1931,1837.0,,1970/01/01 00:00:00+00,5.09776448483899,16.1464979531883,,,Central Darling,0.0
28,11720,Cessnock (C),New South Wales,1965.1589,59101.0,24.0,2020/04/03 00:00:00+00,0.189462846467904,2.9232646319395097,24,2462.0,Cessnock,24.0
29,11730,Clarence Valley (A),New South Wales,10428.6803,51647.0,8.0,2020/03/28 00:00:00+00,0.972062406144232,6.97710391443184,8,6455.0,Clarence Valley,8.0
30,11750,Cobar (A),New South Wales,45579.3299,4722.0,,1970/01/01 00:00:00+00,4.34400572795903,13.545358993713801,,,Cobar,0.0
31,11800,Coffs Harbour (C),New South Wales,1173.7437,76551.0,16.0,2020/04/21 00:00:00+00,0.10999505557583698,2.42799367101469,16,4784.0,Coffs Harbour,16.0
32,12000,Coolamon (A),New South Wales,2430.9037,4368.0,,1970/01/01 00:00:00+00,0.23898172146437,2.74855241550179,,,Coolamon,0.0
33,12150,Coonamble (A),New South Wales,9916.0536,4014.0,1.0,2020/04/02 00:00:00+00,0.935113045424259,5.63254004694412,1,4014.0,Coonamble,1.0
34,12160,Cootamundra-Gundagai Regional (A),New South Wales,3981.4173,11260.0,2.0,2020/04/08 00:00:00+00,0.392475963104062,5.16651701751557,2,5630.0,Cootamundra-Gundagai Regional,2.0
35,12350,Cowra (A),New South Wales,2808.7822,12767.0,,1970/01/01 00:00:00+00,0.273444731867585,4.17944002711428,,,Cowra,0.0
36,12380,Cumberland (A),New South Wales,71.5511,236893.0,69.0,2020/05/04 00:00:00+00,0.00697315517300012,0.48498619942765503,69,3433.0,Cumberland,69.0
37,12390,Dubbo Regional (A),New South Wales,7534.5251,53240.0,5.0,2020/03/25 00:00:00+00,0.722382238790942,5.520765175760849,5,10648.0,Dubbo Regional,5.0
38,12700,Dungog (A),New South Wales,2249.9983,9346.0,5.0,2020/03/31 00:00:00+00,0.215534826749263,2.5849649266331096,5,1869.0,Dungog,5.0
39,12730,Edward River (A),New South Wales,8883.4464,8995.0,,1970/01/01 00:00:00+00,0.8788526060666301,5.793670877200039,,,Edward River,0.0
40,12750,Eurobodalla (A),New South Wales,3428.1695,38288.0,11.0,2020/03/30 00:00:00+00,0.34249749341825003,4.27112113963465,11,3480.0,Eurobodalla,11.0
41,12850,Fairfield (C),New South Wales,101.507,210612.0,33.0,2020/05/07 00:00:00+00,0.0098904004803444,0.6193816038204549,33,6382.0,Fairfield,33.0
42,12870,Federation (A),New South Wales,5685.0486,12462.0,8.0,2020/03/31 00:00:00+00,0.5647379966267181,6.16177814317291,8,1557.0,Federation,8.0
43,12900,Forbes (A),New South Wales,4710.128,9910.0,,1970/01/01 00:00:00+00,0.456718196192014,5.0076179977611295,,,Forbes,0.0
44,12930,Georges River (A),New South Wales,38.3459,158411.0,59.0,2020/04/17 00:00:00+00,0.00373873285752779,0.5320647304452291,59,2684.0,Georges River,59.0
45,12950,Gilgandra (A),New South Wales,4831.5057,4226.0,,1970/01/01 00:00:00+00,0.45923208276462896,3.82541754503852,,,Gilgandra,0.0
46,13010,Glen Innes Severn (A),New South Wales,5479.977,8908.0,2.0,2020/03/25 00:00:00+00,0.510544907351232,4.74272617525563,2,4454.0,Glen Innes Severn,2.0
47,13310,Goulburn Mulwaree (A),New South Wales,3220.0796,30852.0,11.0,2020/05/12 00:00:00+00,0.317472684664153,4.69655461452432,11,2804.0,Goulburn Mulwaree,11.0
48,13340,Greater Hume Shire (A),New South Wales,5749.5185,10686.0,3.0,2020/03/29 00:00:00+00,0.572787785381934,5.467659867657419,3,3562.0,Greater Hume Shire,3.0
49,13450,Griffith (C),New South Wales,1639.1728,26882.0,3.0,2020/03/26 00:00:00+00,0.16051421017755302,2.32168707247829,3,8960.0,Griffith,3.0
50,13550,Gunnedah (A),New South Wales,4987.0295,12661.0,1.0,2020/04/02 00:00:00+00,0.471156820361557,5.19294261729042,1,12661.0,Gunnedah,1.0
51,13660,Gwydir (A),New South Wales,9259.6542,5349.0,,1970/01/01 00:00:00+00,0.862313787270523,6.551106995913591,,,Gwydir,0.0
52,13800,Hawkesbury (C),New South Wales,2775.1377,67083.0,25.0,2020/04/14 00:00:00+00,0.268785824899624,3.81964587848911,25,2683.0,Hawkesbury,25.0
53,13850,Hay (A),New South Wales,11325.9324,2979.0,1.0,2020/03/28 00:00:00+00,1.10954121775148,7.30508418072104,1,2979.0,Hay,1.0
54,13910,Hilltops (A),New South Wales,7140.8863,18782.0,2.0,2020/04/01 00:00:00+00,0.6996816700202539,6.50521830543779,2,9391.0,Hilltops,2.0
55,14000,Hornsby (A),New South Wales,455.0375,150752.0,57.0,2020/04/29 00:00:00+00,0.0441757799276274,2.3788252942263304,57,2644.0,Hornsby,57.0
56,14100,Hunters Hill (A),New South Wales,5.7169,14909.0,22.0,2020/04/17 00:00:00+00,0.00055778376008675,0.20612293658555703,22,677.0,Hunters Hill,22.0
57,14170,Inner West (A),New South Wales,35.3713,198024.0,75.0,2020/05/06 00:00:00+00,0.00344957609331686,0.40236948474966494,75,2640.0,Inner West,75.0
58,14200,Inverell (A),New South Wales,8597.2081,16844.0,3.0,2020/03/24 00:00:00+00,0.7988246624090609,6.04109822938596,3,5614.0,Inverell,3.0
59,14300,Junee (A),New South Wales,2030.0222,6631.0,,1970/01/01 00:00:00+00,0.200029724968317,2.5925064402760096,,,Junee,0.0
60,14350,Kempsey (A),New South Wales,3375.6707,29665.0,4.0,2020/03/31 00:00:00+00,0.31869654752381393,3.7997866370788103,4,7416.0,Kempsey,4.0
61,14400,Kiama (A),New South Wales,257.6636,23006.0,7.0,2020/04/02 00:00:00+00,0.0253417244816774,1.00566548282206,7,3286.0,Kiama,7.0
62,14500,Ku-ring-gai (A),New South Wales,85.4096,126046.0,72.0,2020/05/20 00:00:00+00,0.00831574626408838,0.47829696447166803,72,1750.0,Ku-ring-gai,72.0
63,14550,Kyogle (A),New South Wales,3584.1644,8870.0,,1970/01/01 00:00:00+00,0.33070210201049105,3.84864812874832,,,Kyogle,0.0
64,14600,Lachlan (A),New South Wales,14964.2752,6151.0,1.0,2020/03/27 00:00:00+00,1.4425859210819,8.59105897988567,1,6151.0,Lachlan,1.0
65,14650,Lake Macquarie (C),New South Wales,648.6398,204914.0,55.0,2020/04/17 00:00:00+00,0.0626823647571655,2.8917519637453903,55,3725.0,Lake Macquarie,55.0
66,14700,Lane Cove (A),New South Wales,10.4794,39486.0,38.0,2020/04/10 00:00:00+00,0.0010068625870189901,0.236589420208591,38,1039.0,Lane Cove,38.0
67,14750,Leeton (A),New South Wales,1167.1877,11438.0,,1970/01/01 00:00:00+00,0.11457666078558801,2.00511489850786,,,Leeton,0.0
68,14850,Lismore (C),New South Wales,1287.7043,43843.0,5.0,2020/03/27 00:00:00+00,0.118915985111016,2.40209794356281,5,8768.0,Lismore,5.0
69,14870,Lithgow (C),New South Wales,4512.2563,21636.0,4.0,2020/04/22 00:00:00+00,0.436728702224627,4.9307925968111395,4,5409.0,Lithgow,4.0
70,14900,Liverpool (C),New South Wales,305.7396,223304.0,50.0,2020/04/14 00:00:00+00,0.0297788794514418,1.31812804311039,50,4466.0,Liverpool,50.0
71,14920,Liverpool Plains (A),New South Wales,5082.2397,7893.0,2.0,2020/03/20 00:00:00+00,0.482743933473557,4.85393382655552,2,3946.0,Liverpool Plains,2.0
72,14950,Lockhart (A),New South Wales,2895.8049,3295.0,,1970/01/01 00:00:00+00,0.287130482669454,2.75318366084312,,,Lockhart,0.0
73,15050,Maitland (C),New South Wales,391.5087,83203.0,32.0,2020/04/10 00:00:00+00,0.0376197631817377,1.2009109462163101,32,2600.0,Maitland,32.0
74,15240,Mid-Coast (A),New South Wales,10053.8633,93288.0,39.0,2020/04/25 00:00:00+00,0.9597844678883121,6.612131790478459,39,2392.0,Mid-Coast,39.0
75,15270,Mid-Western Regional (A),New South Wales,8752.259,25086.0,6.0,2020/04/14 00:00:00+00,0.8406686352664109,6.8735640181634405,6,4181.0,Mid-Western Regional,6.0
76,15300,Moree Plains (A),New South Wales,17906.5241,13350.0,1.0,2020/04/17 00:00:00+00,1.66211833328725,8.6356258791002,1,13350.0,Moree Plains,1.0
77,15350,Mosman (A),New South Wales,8.6503,30877.0,41.0,2020/04/06 00:00:00+00,0.00085474096431426,0.20259858822829602,41,753.0,Mosman,41.0
78,15520,Murray River (A),New South Wales,11863.4771,12118.0,,1970/01/01 00:00:00+00,1.17589555985114,11.2547682621123,,,Murray River,0.0
79,15560,Murrumbidgee (A),New South Wales,6880.7902,3961.0,3.0,2020/03/28 00:00:00+00,0.67906554784804,5.6365528105040195,3,1320.0,Murrumbidgee,3.0
80,15650,Muswellbrook (A),New South Wales,3404.884,16383.0,1.0,2020/03/25 00:00:00+00,0.32649860695301,3.9099886191566497,1,16383.0,Muswellbrook,1.0
81,15700,Nambucca (A),New South Wales,1491.3432,19773.0,3.0,2020/03/26 00:00:00+00,0.140426979653057,2.02351462699487,3,6591.0,Nambucca,3.0
82,15750,Narrabri (A),New South Wales,13014.9937,13231.0,,1970/01/01 00:00:00+00,1.22121883625505,6.20143964582685,,,Narrabri,0.0
83,15800,Narrandera (A),New South Wales,4116.3459,5931.0,1.0,2020/03/30 00:00:00+00,0.404523489060011,3.94847107914693,1,5931.0,Narrandera,1.0
84,15850,Narromine (A),New South Wales,5261.5165,6567.0,1.0,2020/03/25 00:00:00+00,0.503308644117169,4.03278297729356,1,6567.0,Narromine,1.0
85,15900,Newcastle (C),New South Wales,186.7549,164104.0,55.0,2020/04/14 00:00:00+00,0.0179946949128862,1.23018061798518,55,2983.0,Newcastle,55.0
86,15950,North Sydney (A),New South Wales,10.4857,74172.0,48.0,2020/04/21 00:00:00+00,0.00102226498029268,0.23973777178789604,48,1545.0,North Sydney,48.0
87,15990,Northern Beaches (A),New South Wales,254.2074,271278.0,157.0,2020/05/12 00:00:00+00,0.0247165193154615,1.79211669499238,157,1727.0,Northern Beaches,157.0
88,16100,Oberon (A),New South Wales,3625.047,5408.0,,1970/01/01 00:00:00+00,0.35323025212346704,4.66240106066629,,,Oberon,0.0
89,16150,Orange (C),New South Wales,284.2157,42056.0,10.0,2020/04/17 00:00:00+00,0.0275245799839468,0.95250809201076,10,4205.0,Orange,10.0
90,16200,Parkes (A),New South Wales,5957.6138,14894.0,1.0,2020/04/05 00:00:00+00,0.573992412371808,4.19684533336869,1,14894.0,Parkes,1.0
91,16260,Parramatta (C),New South Wales,83.8294,251311.0,47.0,2020/05/13 00:00:00+00,0.0081531679084037,0.552543812741301,47,5347.0,Parramatta,47.0
92,16350,Penrith (C),New South Wales,404.7016,209210.0,123.0,2020/05/12 00:00:00+00,0.0394001754807505,1.03322984343823,123,1700.0,Penrith,123.0
93,16380,Port Macquarie-Hastings (A),New South Wales,3682.3921,83131.0,26.0,2020/04/14 00:00:00+00,0.349259118906048,3.7829384513417597,26,3197.0,Port Macquarie-Hastings,26.0
94,16400,Port Stephens (A),New South Wales,858.4357,72695.0,34.0,2020/04/11 00:00:00+00,0.0826715244115803,2.79723468829338,34,2138.0,Port Stephens,34.0
95,16490,Queanbeyan-Palerang Regional (A),New South Wales,5318.8822,59959.0,10.0,2020/04/09 00:00:00+00,0.527945271267072,5.95719659017311,10,5995.0,Queanbeyan-Palerang Regional,10.0
96,16550,Randwick (C),New South Wales,36.3311,154265.0,88.0,2020/05/08 00:00:00+00,0.0035543091812542103,0.4331255933278,88,1753.0,Randwick,88.0
97,16610,Richmond Valley (A),New South Wales,3047.3748,23399.0,2.0,2020/04/27 00:00:00+00,0.282371290525589,3.35206628741215,2,11699.0,Richmond Valley,2.0
98,16700,Ryde (C),New South Wales,40.4748,127446.0,70.0,2020/04/14 00:00:00+00,0.0039410663503076605,0.36098553108215203,70,1820.0,Ryde,70.0
99,16900,Shellharbour (C),New South Wales,147.4211,72240.0,22.0,2020/05/05 00:00:00+00,0.0144916875269701,0.9564718293720742,22,3283.0,Shellharbour,22.0
100,16950,Shoalhaven (C),New South Wales,4566.6795,104371.0,32.0,2020/04/08 00:00:00+00,0.451500968822529,5.238222670719059,32,3261.0,Shoalhaven,32.0
101,17000,Singleton (A),New South Wales,4892.717000000001,23422.0,4.0,2020/03/27 00:00:00+00,0.47031005270218895,4.568827680996219,4,5855.0,Singleton,4.0
102,17040,Snowy Monaro Regional (A),New South Wales,15163.5461,20733.0,6.0,2020/03/30 00:00:00+00,1.5229570896917701,7.5941596216032,6,3455.0,Snowy Monaro Regional,6.0
103,17080,Snowy Valleys (A),New South Wales,8959.0028,14532.0,1.0,2020/04/10 00:00:00+00,0.892490947599072,7.95072887582962,1,14532.0,Snowy Valleys,1.0
104,17100,Strathfield (A),New South Wales,14.0009,45143.0,17.0,2020/05/21 00:00:00+00,0.0013658919547197,0.20456870176919104,17,2655.0,Strathfield,17.0
105,17150,Sutherland Shire (A),New South Wales,333.5933,229213.0,116.0,2020/05/20 00:00:00+00,0.0325734295961411,2.25873581752996,116,1975.0,Sutherland Shire,116.0
106,17200,Sydney (C),New South Wales,26.7429,240229.0,160.0,2020/05/20 00:00:00+00,0.00260207105611698,0.39413075449487894,160,1501.0,Sydney,160.0
107,17310,Tamworth Regional (A),New South Wales,9884.3506,62156.0,13.0,2020/04/17 00:00:00+00,0.932500328414335,7.55261657873047,13,4781.0,Tamworth Regional,13.0
108,17350,Temora (A),New South Wales,2802.0159999999996,6274.0,,1970/01/01 00:00:00+00,0.274662113395152,2.9592636016945297,,,Temora,0.0
109,17400,Tenterfield (A),New South Wales,7322.793000000001,6638.0,3.0,2020/03/27 00:00:00+00,0.677695014507663,6.42988957450932,3,2212.0,Tenterfield,3.0
110,17420,The Hills Shire (A),New South Wales,386.1588,172473.0,62.0,2020/04/26 00:00:00+00,0.0375203526591577,1.42278538095635,62,2781.0,The Hills Shire,62.0
111,17550,Tweed (A),New South Wales,1307.6562,96108.0,14.0,2020/04/05 00:00:00+00,0.12041375057469901,2.35920532978228,14,6864.0,Tweed,14.0
112,17620,Upper Hunter Shire (A),New South Wales,8096.0892,14220.0,1.0,2020/03/25 00:00:00+00,0.7724401798359392,7.158708478422461,1,14220.0,Upper Hunter Shire,1.0
113,17640,Upper Lachlan Shire (A),New South Wales,7127.3957,7961.0,3.0,2020/03/31 00:00:00+00,0.6988959257359971,7.2988379629706595,3,2653.0,Upper Lachlan Shire,3.0
114,17650,Uralla (A),New South Wales,3226.5327,6062.0,1.0,2020/03/31 00:00:00+00,0.303158298548169,3.98221166653787,1,6062.0,Uralla,1.0
115,17750,Wagga Wagga (C),New South Wales,4824.4889,64820.0,10.0,2020/03/30 00:00:00+00,0.477567512283258,4.55144183215747,10,6482.0,Wagga Wagga,10.0
116,17850,Walcha (A),New South Wales,6261.0242,3132.0,,1970/01/01 00:00:00+00,0.5923258267221171,5.05690245581924,,,Walcha,0.0
117,17900,Walgett (A),New South Wales,22308.3848,6051.0,,1970/01/01 00:00:00+00,2.08213322425627,9.55924237951791,,,Walgett,0.0
118,17950,Warren (A),New South Wales,10753.7673,2745.0,1.0,2020/03/26 00:00:00+00,1.01916780244983,7.625976168965139,1,2745.0,Warren,1.0
119,18020,Warrumbungle Shire (A),New South Wales,12372.1201,9399.0,2.0,2020/03/27 00:00:00+00,1.17408808930713,8.075217779082239,2,4699.0,Warrumbungle Shire,2.0
120,18050,Waverley (A),New South Wales,9.3507,74114.0,183.0,2020/05/15 00:00:00+00,0.0009130645357799949,0.18661387560847603,183,404.0,Waverley,183.0
121,18100,Weddin (A),New South Wales,3414.8566,3636.0,1.0,2020/03/25 00:00:00+00,0.33276096119880105,4.09041021264518,1,3636.0,Weddin,1.0
122,18200,Wentworth (A),New South Wales,26256.2398,7042.0,,1970/01/01 00:00:00+00,2.54978023032527,11.2141883523753,,,Wentworth,0.0
123,18250,Willoughby (C),New South Wales,22.4258,80339.0,23.0,2020/04/22 00:00:00+00,0.00218613488186747,0.334528375286647,23,3493.0,Willoughby,23.0
124,18350,Wingecarribee (A),New South Wales,2689.3413,50493.0,25.0,2020/04/23 00:00:00+00,0.26388782696722,3.2977571917807,25,2019.0,Wingecarribee,25.0
125,18400,Wollondilly (A),New South Wales,2555.4339999999997,52230.0,4.0,2020/05/06 00:00:00+00,0.24968849555352804,3.75682957214858,4,13057.0,Wollondilly,4.0
126,18450,Wollongong (C),New South Wales,683.9860000000001,216071.0,53.0,2020/04/30 00:00:00+00,0.0670554100124718,2.02956820338609,53,4076.0,Wollongong,53.0
127,18500,Woollahra (A),New South Wales,12.2775,58964.0,93.0,2020/04/29 00:00:00+00,0.00120547781307323,0.28485037944759195,93,634.0,Woollahra,93.0
128,18710,Yass Valley (A),New South Wales,3995.3257,16953.0,6.0,2020/03/29 00:00:00+00,0.39426711698479294,3.92703531392123,6,2825.0,Yass Valley,6.0
129,19399,Unincorporated NSW,New South Wales,93214.1592,1080.0,,1970/01/01 00:00:00+00,8.77386766987456,19.2053607848185,,,Unincorporated NSW,0.0
130,20110,Alpine (S),Victoria,4788.1568,12730.0,,1970/01/01 00:00:00+00,0.48370108250674104,4.417126484856401,,,Alpine,0.0
131,20260,Ararat (RC),Victoria,4211.1171,11795.0,5.0,2020/05/22 00:00:00+00,0.428958905793024,3.91426505830391,5,2359.0,Ararat,5.0
132,20570,Ballarat (C),Victoria,739.0321,107325.0,11.0,2020/05/22 00:00:00+00,0.0752978030845952,1.6340488789164498,11,9756.0,Ballarat,11.0
133,20660,Banyule (C),Victoria,62.5402,130237.0,91.0,2020/05/22 00:00:00+00,0.00638582830788437,0.5609035609098679,91,1431.0,Banyule,91.0
134,20740,Bass Coast (S),Victoria,865.8095,35327.0,4.0,2020/05/22 00:00:00+00,0.0894927249428292,2.7663502423220097,4,8831.0,Bass Coast,4.0
135,20830,Baw Baw (S),Victoria,4027.6287,52015.0,5.0,2020/05/22 00:00:00+00,0.41303209759962606,4.24611576759945,5,10403.0,Baw Baw,5.0
136,20910,Bayside (C),Victoria,37.2111,105718.0,31.0,2020/05/22 00:00:00+00,0.00383036789844482,0.31667946924702195,31,3410.0,Bayside,31.0
137,21010,Benalla (RC),Victoria,2352.6397,14024.0,3.0,2020/05/22 00:00:00+00,0.236916703478073,2.77098611440031,3,4674.0,Benalla,3.0
138,21110,Boroondara (C),Victoria,60.1774,181289.0,68.0,2020/05/22 00:00:00+00,0.0061610629727511,0.46001052188707103,68,2666.0,Boroondara,68.0
139,21180,Brimbank (C),Victoria,123.3991,208714.0,65.0,2020/05/22 00:00:00+00,0.0126251210322152,0.679762390662771,65,3210.0,Brimbank,65.0
140,21270,Buloke (S),Victoria,8000.4027,6184.0,,1970/01/01 00:00:00+00,0.7987465964229159,5.4430635006029995,,,Buloke,0.0
141,21370,Campaspe (S),Victoria,4518.8582,37592.0,4.0,2020/05/22 00:00:00+00,0.453619627537137,5.24584543667215,4,9398.0,Campaspe,4.0
142,21450,Cardinia (S),Victoria,1282.5678,107120.0,16.0,2020/05/22 00:00:00+00,0.131689272014228,2.02404379887873,16,6695.0,Cardinia,16.0
143,21610,Casey (C),Victoria,409.4289,340419.0,58.0,2020/05/22 00:00:00+00,0.0420351519296673,1.13835207524728,58,5869.0,Casey,58.0
144,21670,Central Goldfields (S),Victoria,1532.7843,13209.0,1.0,2020/05/22 00:00:00+00,0.15521610270025102,2.46563736047451,1,13209.0,Central Goldfields,1.0
145,21750,Colac-Otway (S),Victoria,3437.4701,21503.0,,1970/01/01 00:00:00+00,0.35477700175078997,3.80433769908386,,,Colac-Otway,0.0
146,21830,Corangamite (S),Victoria,4407.4921,16140.0,1.0,2020/05/22 00:00:00+00,0.45331933817760706,5.39959052713904,1,16140.0,Corangamite,1.0
147,21890,Darebin (C),Victoria,53.4711,161609.0,40.0,2020/05/22 00:00:00+00,0.00544996668349995,0.446478992860085,40,4040.0,Darebin,40.0
148,22110,East Gippsland (S),Victoria,20940.2326,46818.0,1.0,2020/05/22 00:00:00+00,2.13099448048979,8.91301625824447,1,46818.0,East Gippsland,1.0
149,22170,Frankston (C),Victoria,129.59799999999998,141845.0,40.0,2020/05/22 00:00:00+00,0.0133433012424575,0.502194581030418,40,3546.0,Frankston,40.0
150,22250,Gannawarra (S),Victoria,3735.3353,10547.0,1.0,2020/05/22 00:00:00+00,0.372218199981035,4.15229003560471,1,10547.0,Gannawarra,1.0
151,22310,Glen Eira (C),Victoria,38.6906,153858.0,51.0,2020/05/22 00:00:00+00,0.00396799929467306,0.291835235344018,51,3016.0,Glen Eira,51.0
152,22410,Glenelg (S),Victoria,6218.5734,19665.0,1.0,2020/05/22 00:00:00+00,0.636805585022557,4.6617328951324,1,19665.0,Glenelg,1.0
153,22490,Golden Plains (S),Victoria,2703.3898,23120.0,1.0,2020/05/22 00:00:00+00,0.27688857705334197,3.47494564156465,1,23120.0,Golden Plains,1.0
154,22620,Greater Bendigo (C),Victoria,2999.9721,116045.0,9.0,2020/05/22 00:00:00+00,0.30257879806140403,3.64281501520508,9,12893.0,Greater Bendigo,9.0
155,22670,Greater Dandenong (C),Victoria,129.5469,166094.0,16.0,2020/05/22 00:00:00+00,0.0133049438313719,0.508094194955881,16,10380.0,Greater Dandenong,16.0
156,22750,Greater Geelong (C),Victoria,1247.9876,252217.0,64.0,2020/05/22 00:00:00+00,0.128222466405077,3.0184726391323595,64,3940.0,Greater Geelong,64.0
157,22830,Greater Shepparton (C),Victoria,2421.9093,66007.0,12.0,2020/05/22 00:00:00+00,0.243298016027438,3.05594752114906,12,5500.0,Greater Shepparton,12.0
158,22910,Hepburn (S),Victoria,1472.9844,15812.0,2.0,2020/05/22 00:00:00+00,0.149695804410385,2.7458116651527704,2,7906.0,Hepburn,2.0
159,22980,Hindmarsh (S),Victoria,7524.1824,5645.0,,1970/01/01 00:00:00+00,0.7525316825685879,4.3187052189471,,,Hindmarsh,0.0
160,23110,Hobsons Bay (C),Victoria,64.2404,96470.0,20.0,2020/05/22 00:00:00+00,0.0065793021349236395,0.534729371882565,20,4823.0,Hobsons Bay,20.0
161,23190,Horsham (RC),Victoria,4266.769,19875.0,3.0,2020/05/22 00:00:00+00,0.430950062857391,4.47167357949409,3,6625.0,Horsham,3.0
162,23270,Hume (C),Victoria,503.8505,224394.0,55.0,2020/05/22 00:00:00+00,0.0514237025854527,1.26995810608637,55,4079.0,Hume,55.0
163,23350,Indigo (S),Victoria,2040.069,16490.0,,1970/01/01 00:00:00+00,0.20453916193855498,4.209398618693831,,,Indigo,0.0
164,23430,Kingston (C),Victoria,91.3677,163431.0,26.0,2020/05/22 00:00:00+00,0.00937343670148039,0.533776321559464,26,6285.0,Kingston,26.0
165,23670,Knox (C),Victoria,113.9115,163203.0,13.0,2020/05/22 00:00:00+00,0.0116631858886649,0.658725335278435,13,12554.0,Knox,13.0
166,23810,Latrobe (C),Victoria,1425.6128,75211.0,7.0,2020/05/22 00:00:00+00,0.14678744194361598,2.8531333302640403,7,10744.0,Latrobe,7.0
167,23940,Loddon (S),Victoria,6696.4447,7513.0,3.0,2020/05/22 00:00:00+00,0.672454916435981,4.72634386602644,3,2504.0,Loddon,3.0
168,24130,Macedon Ranges (S),Victoria,1748.2837,49388.0,9.0,2020/05/22 00:00:00+00,0.17774940330400602,2.6645583493872795,9,5487.0,Macedon Ranges,9.0
169,24210,Manningham (C),Victoria,113.3478,125508.0,30.0,2020/05/22 00:00:00+00,0.0115906997366437,0.8597821301683609,30,4183.0,Manningham,30.0
170,24250,Mansfield (S),Victoria,3843.8535,8979.0,3.0,2020/05/22 00:00:00+00,0.390170305955962,4.30624259621658,3,2993.0,Mansfield,3.0
171,24330,Maribyrnong (C),Victoria,31.2254,91387.0,16.0,2020/05/22 00:00:00+00,0.0031978729889488,0.286206245925287,16,5711.0,Maribyrnong,16.0
172,24410,Maroondah (C),Victoria,61.4097,117498.0,13.0,2020/05/22 00:00:00+00,0.00627696011315493,0.383130693886758,13,9038.0,Maroondah,13.0
173,24600,Melbourne (C),Victoria,37.3513,169961.0,99.0,2020/05/22 00:00:00+00,0.0038188083035493,0.403352757289365,99,1716.0,Melbourne,99.0
174,24650,Melton (C),Victoria,527.5374,156713.0,39.0,2020/05/22 00:00:00+00,0.0539370594424327,1.05939960860766,39,4018.0,Melton,39.0
175,24780,Mildura (RC),Victoria,22082.4836,55515.0,5.0,2020/05/22 00:00:00+00,2.17710407983122,9.005265701295789,5,11103.0,Mildura,5.0
176,24850,Mitchell (S),Victoria,2862.0833,44299.0,9.0,2020/05/22 00:00:00+00,0.290257900190682,4.18589908134503,9,4922.0,Mitchell,9.0
177,24900,Moira (S),Victoria,4046.3738,29799.0,11.0,2020/05/22 00:00:00+00,0.404858803062325,5.6351955594414695,11,2709.0,Moira,11.0
178,24970,Monash (C),Victoria,81.4829,200077.0,49.0,2020/05/22 00:00:00+00,0.00832791377342801,0.463255277184649,49,4083.0,Monash,49.0
179,25060,Moonee Valley (C),Victoria,43.1386,127883.0,37.0,2020/05/22 00:00:00+00,0.0044095345792811705,0.381974946612283,37,3456.0,Moonee Valley,37.0
180,25150,Moorabool (S),Victoria,2110.5504,34158.0,2.0,2020/05/22 00:00:00+00,0.215415651239255,2.8039683880171204,2,17079.0,Moorabool,2.0
181,25250,Moreland (C),Victoria,50.9519,181725.0,65.0,2020/05/22 00:00:00+00,0.005198267942432721,0.410954051194257,65,2795.0,Moreland,65.0
182,25340,Mornington Peninsula (S),Victoria,724.1679,165822.0,60.0,2020/05/22 00:00:00+00,0.0746802568401108,2.1015236768856402,60,2763.0,Mornington Peninsula,60.0
183,25430,Mount Alexander (S),Victoria,1529.6184,19514.0,6.0,2020/05/22 00:00:00+00,0.1550140513732,2.59899293567487,6,3252.0,Mount Alexander,6.0
184,25490,Moyne (S),Victoria,5481.6861,16887.0,1.0,2020/05/22 00:00:00+00,0.563280031202339,5.153648473525889,1,16887.0,Moyne,1.0
185,25620,Murrindindi (S),Victoria,3879.7505,14478.0,2.0,2020/05/22 00:00:00+00,0.394293398690024,4.24266844000904,2,7239.0,Murrindindi,2.0
186,25710,Nillumbik (S),Victoria,432.3373,64941.0,24.0,2020/05/22 00:00:00+00,0.0441244134849512,1.49027705204128,24,2705.0,Nillumbik,24.0
187,25810,Northern Grampians (S),Victoria,5729.8764,11431.0,3.0,2020/05/22 00:00:00+00,0.5788604686226789,5.76455309749992,3,3810.0,Northern Grampians,3.0
188,25900,Port Phillip (C),Victoria,20.7092,113200.0,46.0,2020/05/22 00:00:00+00,0.00212700225301887,0.309184960698685,46,2460.0,Port Phillip,46.0
189,25990,Pyrenees (S),Victoria,3434.5689,7353.0,,1970/01/01 00:00:00+00,0.34915779542234304,3.90521653171776,,,Pyrenees,0.0
190,26080,Queenscliffe (B),Victoria,8.6166,2982.0,,1970/01/01 00:00:00+00,0.000888883375409932,0.365887081392499,,,Queenscliffe,0.0
191,26170,South Gippsland (S),Victoria,3296.3307,29576.0,5.0,2020/05/22 00:00:00+00,0.341076608731328,5.86251658808787,5,5915.0,South Gippsland,5.0
192,26260,Southern Grampians (S),Victoria,6654.0186,16135.0,2.0,2020/05/22 00:00:00+00,0.678320715970131,5.16306133985763,2,8067.0,Southern Grampians,2.0
193,26350,Stonnington (C),Victoria,25.6514,116207.0,95.0,2020/05/22 00:00:00+00,0.0026197202946605103,0.30112313993067896,95,1223.0,Stonnington,95.0
194,26430,Strathbogie (S),Victoria,3303.2568,10645.0,2.0,2020/05/22 00:00:00+00,0.333377214019947,3.89426134727288,2,5322.0,Strathbogie,2.0
195,26490,Surf Coast (S),Victoria,1552.944,32251.0,9.0,2020/05/22 00:00:00+00,0.15999101233956,2.26321515710966,9,3583.0,Surf Coast,9.0
196,26610,Swan Hill (RC),Victoria,6115.3087,20759.0,3.0,2020/05/22 00:00:00+00,0.604846235992682,6.496117747083111,3,6919.0,Swan Hill,3.0
197,26670,Towong (S),Victoria,6674.9467,6054.0,1.0,2020/03/31 00:00:00+00,0.6702283096315109,5.30834061170167,1,6054.0,Towong,1.0
198,26700,Wangaratta (RC),Victoria,3645.1095,29087.0,2.0,2020/05/22 00:00:00+00,0.36709186407279,4.01187013862516,2,14543.0,Wangaratta,2.0
199,26730,Warrnambool (C),Victoria,120.9488,34862.0,5.0,2020/05/22 00:00:00+00,0.0124795011856804,0.699871736294454,5,6972.0,Warrnambool,5.0
200,26810,Wellington (S),Victoria,10817.3346,44019.0,11.0,2020/05/22 00:00:00+00,1.10802859429077,11.562614602842801,11,4001.0,Wellington,11.0
201,26890,West Wimmera (S),Victoria,9108.2042,3862.0,1.0,2020/05/22 00:00:00+00,0.9181626358440551,6.02712793106406,1,3862.0,West Wimmera,1.0
202,26980,Whitehorse (C),Victoria,64.28,176196.0,24.0,2020/05/22 00:00:00+00,0.00658345052306686,0.36614917407154,24,7341.0,Whitehorse,24.0
203,27070,Whittlesea (C),Victoria,489.6939,223322.0,31.0,2020/05/22 00:00:00+00,0.0499320383914892,1.36683999021913,31,7203.0,Whittlesea,31.0
204,27170,Wodonga (RC),Victoria,432.6894,41429.0,1.0,2020/05/22 00:00:00+00,0.043347157520202004,1.4936387643783602,1,41429.0,Wodonga,1.0
205,27260,Wyndham (C),Victoria,542.0949,255322.0,51.0,2020/05/22 00:00:00+00,0.0555036707396539,1.25731000054941,51,5006.0,Wyndham,51.0
206,27350,Yarra (C),Victoria,19.5425,98521.0,31.0,2020/05/22 00:00:00+00,0.00200068685080623,0.406027443435698,31,3178.0,Yarra,31.0
207,27450,Yarra Ranges (S),Victoria,2468.205,158173.0,24.0,2020/05/22 00:00:00+00,0.252246761830065,3.5638702130317403,24,6590.0,Yarra Ranges,24.0
208,27630,Yarriambiack (S),Victoria,7325.797,6658.0,1.0,2020/05/22 00:00:00+00,0.732269976137104,5.4110063125791905,1,6658.0,Yarriambiack,1.0
209,29399,Unincorporated Vic,Victoria,283.0142,889.0,,1970/01/01 00:00:00+00,0.0289260031681806,2.8481688765467204,,,Unincorporated Vic,0.0
210,30250,Aurukun (S),Queensland,7423.9890000000005,1382.0,,1970/01/01 00:00:00+00,0.620016715088923,5.278391271814661,,,Aurukun,0.0
211,30300,Balonne (S),Queensland,31103.7071,4334.0,,1970/01/01 00:00:00+00,2.86175103841811,8.79124631154131,,,Balonne,0.0
212,30370,Banana (S),Queensland,28550.1626,14291.0,,1970/01/01 00:00:00+00,2.55189184057508,11.996995198505399,,,Banana,0.0
213,30410,Barcaldine (R),Queensland,53382.6558,2852.0,,1970/01/01 00:00:00+00,4.70584857747986,14.9143374908518,,,Barcaldine,0.0
214,30450,Barcoo (S),Queensland,61830.0907,267.0,,1970/01/01 00:00:00+00,5.53525065950157,16.682119128438803,,,Barcoo,0.0
215,30760,Blackall-Tambo (R),Queensland,30537.2479,1863.0,,1970/01/01 00:00:00+00,2.72618854834786,10.855918217414,,,Blackall-Tambo,0.0
216,30900,Boulia (S),Queensland,60905.7352,425.0,,1970/01/01 00:00:00+00,5.345052209778941,14.3307063345332,,,Boulia,0.0
217,31000,Brisbane (C),Queensland,1342.7188,1231605.0,,1970/01/01 00:00:00+00,0.122522402202321,5.0013147137445095,,,Brisbane,0.0
218,31750,Bulloo (S),Queensland,73723.75099999999,330.0,,1970/01/01 00:00:00+00,6.765295179752001,12.233864479477802,,,Bulloo,0.0
219,31820,Bundaberg (R),Queensland,6431.003000000001,95302.0,,1970/01/01 00:00:00+00,0.575042215753683,6.00667782617864,,,Bundaberg,0.0
220,31900,Burdekin (S),Queensland,5043.9317,17077.0,,1970/01/01 00:00:00+00,0.43487344871687106,4.44212533833663,,,Burdekin,0.0
221,31950,Burke (S),Queensland,39684.0526,352.0,,1970/01/01 00:00:00+00,3.38650798888489,12.896067346809799,,,Burke,0.0
222,32080,Cairns (R),Queensland,1689.3129,165525.0,,1970/01/01 00:00:00+00,0.143492127654099,2.99326505488514,,,Cairns,0.0
223,32250,Carpentaria (S),Queensland,64121.0124,1974.0,,1970/01/01 00:00:00+00,5.45485237708999,20.134120978438002,,,Carpentaria,0.0
224,32260,Cassowary Coast (R),Queensland,4687.8240000000005,29689.0,,1970/01/01 00:00:00+00,0.39982603576004294,7.097667550891451,,,Cassowary Coast,0.0
225,32270,Central Highlands (R) (Qld),Queensland,59834.8359,28645.0,,1970/01/01 00:00:00+00,5.310834807981791,18.7029443408226,,,Central Highlands,0.0
226,32310,Charters Towers (R),Queensland,68382.1643,11850.0,,1970/01/01 00:00:00+00,5.908679959266009,16.7381289009606,,,Charters Towers,0.0
227,32330,Cherbourg (S),Queensland,31.6002,1315.0,,1970/01/01 00:00:00+00,0.00286439895762669,0.3644174838013379,,,Cherbourg,0.0
228,32450,Cloncurry (S),Queensland,47971.2596,3091.0,,1970/01/01 00:00:00+00,4.16288624474737,15.7236934044066,,,Cloncurry,0.0
229,32500,Cook (S),Queensland,105718.7588,4445.0,,1970/01/01 00:00:00+00,8.856005004619991,34.016056736513804,,,Cook,0.0
230,32600,Croydon (S),Queensland,29497.9024,288.0,,1970/01/01 00:00:00+00,2.5247910678642698,10.713156104138,,,Croydon,0.0
231,32750,Diamantina (S),Queensland,94730.4545,292.0,,1970/01/01 00:00:00+00,8.44747302335009,15.676540394366,,,Diamantina,0.0
232,32770,Doomadgee (S),Queensland,1827.6518,1507.0,,1970/01/01 00:00:00+00,0.15554040905613,2.39133840669581,,,Doomadgee,0.0
233,32810,Douglas (S),Queensland,2427.8626,12257.0,,1970/01/01 00:00:00+00,0.205237649602168,3.5560533138776202,,,Douglas,0.0
234,33100,Etheridge (S),Queensland,39199.2956,804.0,,1970/01/01 00:00:00+00,3.3538004002123203,9.73698971130706,,,Etheridge,0.0
235,33200,Flinders (S) (Qld),Queensland,41199.9374,1499.0,,1970/01/01 00:00:00+00,3.57880481781672,10.392564211022401,,,Flinders,0.0
236,33220,Fraser Coast (R),Queensland,7104.5987,105463.0,,1970/01/01 00:00:00+00,0.637830520081025,9.77538835485966,,,Fraser Coast,0.0
237,33360,Gladstone (R),Queensland,10484.2862,62979.0,,1970/01/01 00:00:00+00,0.931437334022121,11.950384933569099,,,Gladstone,0.0
238,33430,Gold Coast (C),Queensland,1333.7031,606774.0,,1970/01/01 00:00:00+00,0.12229414966986998,4.0794894497618195,,,Gold Coast,0.0
239,33610,Goondiwindi (R),Queensland,19258.1008,10728.0,,1970/01/01 00:00:00+00,1.77275534258933,10.387832490669998,,,Goondiwindi,0.0
240,33620,Gympie (R),Queensland,6883.9713,51586.0,,1970/01/01 00:00:00+00,0.621378778228973,7.04643044180557,,,Gympie,0.0
241,33800,Hinchinbrook (S),Queensland,2807.1889,10805.0,,1970/01/01 00:00:00+00,0.24038621063300503,3.22202102476343,,,Hinchinbrook,0.0
242,33830,Hope Vale (S),Queensland,1111.7099,1081.0,,1970/01/01 00:00:00+00,0.0935666763289191,2.80256293486865,,,Hope Vale,0.0
243,33960,Ipswich (C),Queensland,1093.857,213638.0,,1970/01/01 00:00:00+00,0.10004848210155601,2.40115447822696,,,Ipswich,0.0
244,33980,Isaac (R),Queensland,58707.9174,20934.0,,1970/01/01 00:00:00+00,5.14295217802805,19.383055510397398,,,Isaac,0.0
245,34420,Kowanyama (S),Queensland,2555.3325,977.0,,1970/01/01 00:00:00+00,0.215061920035168,2.66323538536873,,,Kowanyama,0.0
246,34530,Livingstone (S),Queensland,11757.8683,37638.0,,1970/01/01 00:00:00+00,1.03392422158254,15.8671425431022,,,Livingstone,0.0
247,34570,Lockhart River (S),Queensland,3575.4992,782.0,,1970/01/01 00:00:00+00,0.297885425625736,4.6011203016169295,,,Lockhart River,0.0
248,34580,Lockyer Valley (R),Queensland,2269.0053,41011.0,,1970/01/01 00:00:00+00,0.207472611800767,3.00387710029523,,,Lockyer Valley,0.0
249,34590,Logan (C),Queensland,958.1322,326615.0,,1970/01/01 00:00:00+00,0.0877306783690983,2.0499029490688,,,Logan,0.0
250,34710,Longreach (R),Queensland,40572.2443,3530.0,,1970/01/01 00:00:00+00,3.59275338706084,11.2896286083417,,,Longreach,0.0
251,34770,Mackay (R),Queensland,7613.2964,116539.0,,1970/01/01 00:00:00+00,0.661941094430631,10.3904157967105,,,Mackay,0.0
252,34800,McKinlay (S),Queensland,40736.7989,814.0,,1970/01/01 00:00:00+00,3.52849049799261,11.668968907207502,,,McKinlay,0.0
253,34830,Mapoon (S),Queensland,537.1003,325.0,,1970/01/01 00:00:00+00,0.0445782052759114,2.2553326421508704,,,Mapoon,0.0
254,34860,Maranoa (R),Queensland,58705.2524,12791.0,,1970/01/01 00:00:00+00,5.3173943788285705,14.2577021631352,,,Maranoa,0.0
255,34880,Mareeba (S),Queensland,53491.05,22517.0,,1970/01/01 00:00:00+00,4.5387307373112,12.742917618353697,,,Mareeba,0.0
256,35010,Moreton Bay (R),Queensland,2041.4746,459585.0,,1970/01/01 00:00:00+00,0.185769853310376,3.59156409723885,,,Moreton Bay,0.0
257,35250,Mornington (S),Queensland,1247.6932,1218.0,,1970/01/01 00:00:00+00,0.105675143042845,4.96711087785629,,,Mornington,0.0
258,35300,Mount Isa (C),Queensland,43713.0221,18878.0,,1970/01/01 00:00:00+00,3.77235456881863,11.8637186549758,,,Mount Isa,0.0
259,35600,Murweh (S),Queensland,40699.7585,4318.0,,1970/01/01 00:00:00+00,3.67519562754183,13.4416353754746,,,Murweh,0.0
260,35670,Napranum (S),Queensland,2004.3545,1048.0,,1970/01/01 00:00:00+00,0.166694912230696,6.10631995083992,,,Napranum,0.0
261,35740,Noosa (S),Queensland,869.8657,55369.0,,1970/01/01 00:00:00+00,0.0786512088343443,1.6532565215496497,,,Noosa,0.0
262,35760,North Burnett (R),Queensland,19669.8489,10628.0,,1970/01/01 00:00:00+00,1.76407976262067,9.074397917143461,,,North Burnett,0.0
263,35780,Northern Peninsula Area (R),Queensland,1052.0676,3069.0,,1970/01/01 00:00:00+00,0.0870411063534675,2.54130432292845,,,Northern Peninsula Area,0.0
264,35790,Palm Island (S),Queensland,71.9928,2637.0,,1970/01/01 00:00:00+00,0.00612782643952414,0.9134324340883009,,,Palm Island,0.0
265,35800,Paroo (S),Queensland,47612.8774,1586.0,,1970/01/01 00:00:00+00,4.37104892671164,11.0068111153837,,,Paroo,0.0
266,36070,Pormpuraaw (S),Queensland,4395.3657,833.0,,1970/01/01 00:00:00+00,0.3688799790888879,2.99625112257465,,,Pormpuraaw,0.0
267,36150,Quilpie (S),Queensland,67414.6563,790.0,,1970/01/01 00:00:00+00,6.096022510562309,14.2805995351456,,,Quilpie,0.0
268,36250,Redland (C),Queensland,537.1669999999999,156863.0,,1970/01/01 00:00:00+00,0.0491221316378869,3.13801966366927,,,Redland,0.0
269,36300,Richmond (S),Queensland,26580.7478,806.0,,1970/01/01 00:00:00+00,2.30232552178791,8.27145195877534,,,Richmond,0.0
270,36370,Rockhampton (R),Queensland,6570.2667,81067.0,,1970/01/01 00:00:00+00,0.58059643298725,5.37600110551871,,,Rockhampton,0.0
271,36510,Scenic Rim (R),Queensland,4242.7432,42583.0,,1970/01/01 00:00:00+00,0.389464991314526,3.77895999916911,,,Scenic Rim,0.0
272,36580,Somerset (R),Queensland,5373.4337,25887.0,,1970/01/01 00:00:00+00,0.488622786257565,5.33545906296514,,,Somerset,0.0
273,36630,South Burnett (R),Queensland,8381.558,32555.0,,1970/01/01 00:00:00+00,0.758223130408169,6.026154758985849,,,South Burnett,0.0
274,36660,Southern Downs (R),Queensland,7107.816,35601.0,,1970/01/01 00:00:00+00,0.6545529972390799,5.527371946387169,,,Southern Downs,0.0
275,36720,Sunshine Coast (R),Queensland,2253.8526,319922.0,,1970/01/01 00:00:00+00,0.20444648618331498,3.3226669665879203,,,Sunshine Coast,0.0
276,36820,Tablelands (R),Queensland,11292.8698,25541.0,,1970/01/01 00:00:00+00,0.963122874429246,7.017628280316781,,,Tablelands,0.0
277,36910,Toowoomba (R),Queensland,12957.2108,167657.0,,1970/01/01 00:00:00+00,1.1842768956068999,8.08078410715299,,,Toowoomba,0.0
278,36950,Torres (S),Queensland,883.7310000000001,3848.0,,1970/01/01 00:00:00+00,0.0727984590591859,7.351049866006839,,,Torres,0.0
279,36960,Torres Strait Island (R),Queensland,490.031,4994.0,,1970/01/01 00:00:00+00,0.0403371071903393,2.68200389428231,,,Torres Strait Island,0.0
280,37010,Townsville (C),Queensland,3730.82,194072.0,,1970/01/01 00:00:00+00,0.32091356103546803,4.77352028201701,,,Townsville,0.0
281,37300,Weipa (T),Queensland,10.8218,4240.0,,1970/01/01 00:00:00+00,0.000907921733755757,0.31395724236576394,,,Weipa,0.0
282,37310,Western Downs (R),Queensland,37936.593,34467.0,,1970/01/01 00:00:00+00,3.44506528281886,12.5909690555951,,,Western Downs,0.0
283,37340,Whitsunday (R),Queensland,23818.8922,35050.0,,1970/01/01 00:00:00+00,2.06519755317618,15.3012424419748,,,Whitsunday,0.0
284,37400,Winton (S),Queensland,53813.4826,1157.0,,1970/01/01 00:00:00+00,4.7241020786034404,12.7295772014094,,,Winton,0.0
285,37550,Woorabinda (S),Queensland,390.5578,1005.0,,1970/01/01 00:00:00+00,0.0346449729179312,1.73288182411179,,,Woorabinda,0.0
286,37570,Wujal Wujal (S),Queensland,11.842,306.0,,1970/01/01 00:00:00+00,0.00100151484275557,0.24908480494294602,,,Wujal Wujal,0.0
287,37600,Yarrabah (S),Queensland,158.8381,2848.0,,1970/01/01 00:00:00+00,0.0134887817687286,0.951464170926036,,,Yarrabah,0.0
288,40070,Adelaide (C),South Australia,15.5733,24794.0,,1970/01/01 00:00:00+00,0.0015402625094793599,0.156335085556684,,,Adelaide,0.0
289,40120,Adelaide Hills (DC),South Australia,794.4957,39734.0,,1970/01/01 00:00:00+00,0.0783389629959856,1.8309338056881201,,,Adelaide Hills,0.0
290,40150,Adelaide Plains (DC),South Australia,932.4913,9059.0,,1970/01/01 00:00:00+00,0.0915048401866443,1.5596447156953002,,,Adelaide Plains,0.0
291,40220,Alexandrina (DC),South Australia,1826.8066,27037.0,,1970/01/01 00:00:00+00,0.181160854229802,2.14857338049546,,,Alexandrina,0.0
292,40250,Anangu Pitjantjatjara (AC),South Australia,102353.0512,2558.0,,1970/01/01 00:00:00+00,9.30775352761452,15.1361851962214,,,Anangu Pitjantjatjara,0.0
293,40310,Barossa (DC),South Australia,893.5424,24808.0,,1970/01/01 00:00:00+00,0.0878214384215426,1.99958785981033,,,Barossa,0.0
294,40430,Barunga West (DC),South Australia,1590.3887,2551.0,,1970/01/01 00:00:00+00,0.154782671637349,2.4492803192694,,,Barunga West,0.0
295,40520,Berri and Barmera (DC),South Australia,476.1962,10853.0,,1970/01/01 00:00:00+00,0.0466151711743805,1.9746313065680803,,,Berri and Barmera,0.0
296,40700,Burnside (C),South Australia,27.5183,45706.0,,1970/01/01 00:00:00+00,0.0027068720132774602,0.322324857390538,,,Burnside,0.0
297,40910,Campbelltown (C) (SA),South Australia,24.3486,51469.0,,1970/01/01 00:00:00+00,0.00240266307037018,0.265034284834309,,,Campbelltown,0.0
298,41010,Ceduna (DC),South Australia,5420.3436,3466.0,,1970/01/01 00:00:00+00,0.5179947650640321,5.843540091970791,,,Ceduna,0.0
299,41060,Charles Sturt (C),South Australia,54.7876,117382.0,,1970/01/01 00:00:00+00,0.00540587682553451,0.4276682923351379,,,Charles Sturt,0.0
300,41140,Clare and Gilbert Valleys (DC),South Australia,1892.4466,9379.0,,1970/01/01 00:00:00+00,0.184670832274151,2.3633538787754302,,,Clare and Gilbert Valleys,0.0
301,41190,Cleve (DC),South Australia,5018.8484,1799.0,,1970/01/01 00:00:00+00,0.488160564966165,2.80504533016927,,,Cleve,0.0
302,41330,Coober Pedy (DC),South Australia,77.6795,1845.0,,1970/01/01 00:00:00+00,0.007193398558911209,0.34515035251100606,,,Coober Pedy,0.0
303,41560,Copper Coast (DC),South Australia,772.9149,14872.0,,1970/01/01 00:00:00+00,0.0754412712217345,1.46665900164076,,,Copper Coast,0.0
304,41750,Elliston (DC),South Australia,6741.9317,1019.0,,1970/01/01 00:00:00+00,0.6545941186104761,4.97228775282622,,,Elliston,0.0
305,41830,Flinders Ranges (DC),South Australia,4070.4827,1693.0,,1970/01/01 00:00:00+00,0.38885194902377396,3.37752793659404,,,Flinders Ranges,0.0
306,41960,Franklin Harbour (DC),South Australia,2755.5640000000003,1315.0,,1970/01/01 00:00:00+00,0.267434900935768,2.3385583441335296,,,Franklin Harbour,0.0
307,42030,Gawler (T),South Australia,41.1379,24018.0,,1970/01/01 00:00:00+00,0.00403729055824442,0.373355769997579,,,Gawler,0.0
308,42110,Goyder (DC),South Australia,6715.1418,4206.0,,1970/01/01 00:00:00+00,0.652577971506162,3.94889619953057,,,Goyder,0.0
309,42250,Grant (DC),South Australia,1898.0143,8511.0,,1970/01/01 00:00:00+00,0.194329362547705,2.62943906580927,,,Grant,0.0
310,42600,Holdfast Bay (C),South Australia,13.752,37032.0,,1970/01/01 00:00:00+00,0.00135968180802593,0.22771384794639601,,,Holdfast Bay,0.0
311,42750,Kangaroo Island (DC),South Australia,4400.8558,4933.0,,1970/01/01 00:00:00+00,0.43897490241943204,5.383323710263539,,,Kangaroo Island,0.0
312,43080,Karoonda East Murray (DC),South Australia,4415.7959,1112.0,,1970/01/01 00:00:00+00,0.43572782091268897,3.0955963751556497,,,Karoonda East Murray,0.0
313,43220,Kimba (DC),South Australia,5697.1076,1073.0,,1970/01/01 00:00:00+00,0.549573883198718,4.62132381785914,,,Kimba,0.0
314,43360,Kingston (DC) (SA),South Australia,3339.7952,2374.0,,1970/01/01 00:00:00+00,0.33649672054661994,3.2043967982037502,,,Kingston,0.0
315,43650,Light (RegC),South Australia,1276.8453,15339.0,,1970/01/01 00:00:00+00,0.12521488172433198,2.3712315544703197,,,Light,0.0
316,43710,Lower Eyre Peninsula (DC),South Australia,4721.2875,5761.0,,1970/01/01 00:00:00+00,0.46320591267294703,7.95859606210703,,,Lower Eyre Peninsula,0.0
317,43790,Loxton Waikerie (DC),South Australia,7763.9231,11726.0,,1970/01/01 00:00:00+00,0.7621879539392471,5.55720068091691,,,Loxton Waikerie,0.0
318,44000,Maralinga Tjarutja (AC),South Australia,102703.899,64.0,,1970/01/01 00:00:00+00,9.54559516501172,15.7211574838864,,,Maralinga Tjarutja,0.0
319,44060,Marion (C),South Australia,55.6407,92308.0,,1970/01/01 00:00:00+00,0.00549192050448255,0.405590592815218,,,Marion,0.0
320,44210,Mid Murray (DC),South Australia,6271.6254,8983.0,,1970/01/01 00:00:00+00,0.615285944626066,4.81073694711751,,,Mid Murray,0.0
321,44340,Mitcham (C),South Australia,75.5468,67253.0,,1970/01/01 00:00:00+00,0.00747506992502167,0.424305792266313,,,Mitcham,0.0
322,44550,Mount Barker (DC),South Australia,594.6405,35545.0,,1970/01/01 00:00:00+00,0.0587696056300047,1.5656004871939,,,Mount Barker,0.0
323,44620,Mount Gambier (C),South Australia,33.8938,27176.0,,1970/01/01 00:00:00+00,0.00346852302709522,0.269818127406938,,,Mount Gambier,0.0
324,44830,Mount Remarkable (DC),South Australia,3422.7733,2910.0,,1970/01/01 00:00:00+00,0.32925242240798996,2.7502901304208303,,,Mount Remarkable,0.0
325,45040,Murray Bridge (RC),South Australia,1831.7597,22165.0,,1970/01/01 00:00:00+00,0.18117975062296,2.4703362358689196,,,Murray Bridge,0.0
326,45090,Naracoorte and Lucindale (DC),South Australia,4520.127,8533.0,,1970/01/01 00:00:00+00,0.457509090003896,3.0966917463725196,,,Naracoorte and Lucindale,0.0
327,45120,Northern Areas (DC),South Australia,2986.1818,4603.0,,1970/01/01 00:00:00+00,0.289097724322801,2.72664398982475,,,Northern Areas,0.0
328,45290,Norwood Payneham St Peters (C),South Australia,15.1036,36750.0,,1970/01/01 00:00:00+00,0.00149593592504971,0.19590639312597402,,,Norwood Payneham St Peters,0.0
329,45340,Onkaparinga (C),South Australia,518.1251,171489.0,,1970/01/01 00:00:00+00,0.0513009099477131,1.14135494348195,,,Onkaparinga,0.0
330,45400,Orroroo/Carrieton (DC),South Australia,3321.8238,854.0,,1970/01/01 00:00:00+00,0.31891338656032503,2.5450723169378997,,,Orroroo/Carrieton,0.0
331,45540,Peterborough (DC),South Australia,3020.1420000000003,1700.0,,1970/01/01 00:00:00+00,0.29111423804442893,2.3121389133914705,,,Peterborough,0.0
332,45680,Playford (C),South Australia,345.20300000000003,93426.0,,1970/01/01 00:00:00+00,0.033955123222313005,1.4181759078821201,,,Playford,0.0
333,45890,Port Adelaide Enfield (C),South Australia,91.7586,126120.0,,1970/01/01 00:00:00+00,0.00905092449283984,0.850974814828237,,,Port Adelaide Enfield,0.0
334,46090,Port Augusta (C),South Australia,1195.5836,14102.0,,1970/01/01 00:00:00+00,0.11483459958253699,2.87048578774937,,,Port Augusta,0.0
335,46300,Port Lincoln (C),South Australia,30.3681,14626.0,,1970/01/01 00:00:00+00,0.00299681379920003,0.37962989448557793,,,Port Lincoln,0.0
336,46450,Port Pirie City and Dists (M),South Australia,1760.7097,17630.0,,1970/01/01 00:00:00+00,0.170578686203953,2.6617966249198504,,,Port Pirie City and Dists,0.0
337,46510,Prospect (C),South Australia,7.7915,21259.0,,1970/01/01 00:00:00+00,0.000772457836774265,0.121526369404074,,,Prospect,0.0
338,46670,Renmark Paringa (DC),South Australia,915.8655,9869.0,,1970/01/01 00:00:00+00,0.0894696231011949,2.03424283712643,,,Renmark Paringa,0.0
339,46860,Robe (DC),South Australia,1091.7162,1444.0,,1970/01/01 00:00:00+00,0.11079395766228098,1.70391078959145,,,Robe,0.0
340,46970,Roxby Downs (M),South Australia,110.4762,4014.0,,1970/01/01 00:00:00+00,0.010405095886199,0.44229602183148103,,,Roxby Downs,0.0
341,47140,Salisbury (C),South Australia,159.8432,142555.0,,1970/01/01 00:00:00+00,0.0157299352667906,0.666510780925623,,,Salisbury,0.0
342,47290,Southern Mallee (DC),South Australia,5702.2095,2094.0,,1970/01/01 00:00:00+00,0.565734979434183,3.34114962604207,,,Southern Mallee,0.0
343,47490,Streaky Bay (DC),South Australia,6222.8591,2214.0,,1970/01/01 00:00:00+00,0.5986577378025689,6.12069719457163,,,Streaky Bay,0.0
344,47630,Tatiara (DC),South Australia,6527.2084,6794.0,,1970/01/01 00:00:00+00,0.6542904334401101,3.75277590791331,,,Tatiara,0.0
345,47700,Tea Tree Gully (C),South Australia,95.2108,99694.0,,1970/01/01 00:00:00+00,0.00937343957821213,0.586249450361545,,,Tea Tree Gully,0.0
346,47800,The Coorong (DC),South Australia,8833.434000000001,5463.0,,1970/01/01 00:00:00+00,0.8798618609512231,6.27981237699859,,,The Coorong,0.0
347,47910,Tumby Bay (DC),South Australia,2669.0747,2688.0,,1970/01/01 00:00:00+00,0.261084287811173,2.8338966823924907,,,Tumby Bay,0.0
348,47980,Unley (C),South Australia,14.2703,39145.0,,1970/01/01 00:00:00+00,0.00139455303269642,0.170647684792681,,,Unley,0.0
349,48050,Victor Harbor (C),South Australia,384.6255,15248.0,,1970/01/01 00:00:00+00,0.0382288542341485,0.99460362859202,,,Victor Harbor,0.0
350,48130,Wakefield (DC),South Australia,3468.4881,6814.0,,1970/01/01 00:00:00+00,0.338531811979465,2.9184760076555096,,,Wakefield,0.0
351,48260,Walkerville (M),South Australia,3.53,7944.0,,1970/01/01 00:00:00+00,0.000342703588103177,0.113861503607681,,,Walkerville,0.0
352,48340,Wattle Range (DC),South Australia,3926.3233,12031.0,,1970/01/01 00:00:00+00,0.400018878468927,3.4737396579158597,,,Wattle Range,0.0
353,48410,West Torrens (C),South Australia,37.04,60105.0,,1970/01/01 00:00:00+00,0.00365495952109995,0.27406593397718104,,,West Torrens,0.0
354,48540,Whyalla (C),South Australia,1071.3398,21766.0,,1970/01/01 00:00:00+00,0.10339847268414801,2.3704534013125,,,Whyalla,0.0
355,48640,Wudinna (DC),South Australia,5075.2783,1294.0,,1970/01/01 00:00:00+00,0.48963552708755703,3.71439360911131,,,Wudinna,0.0
356,48750,Yankalilla (DC),South Australia,751.2577,5478.0,,1970/01/01 00:00:00+00,0.0746594238130456,1.5733228530613,,,Yankalilla,0.0
357,48830,Yorke Peninsula (DC),South Australia,5899.6079,11328.0,,1970/01/01 00:00:00+00,0.580539186717942,5.5520858983533,,,Yorke Peninsula,0.0
358,49399,Unincorporated SA,South Australia,622489.4848,3520.0,,1970/01/01 00:00:00+00,58.0025577192673,59.06324534743921,,,Unincorporated SA,0.0
359,50080,Albany (C),Western Australia,4310.8905,37826.0,6.0,2020/04/04 00:00:00+00,0.42438898296791205,7.001096632601169,6 - 10,6304.0,Albany,6.0
360,50210,Armadale (C),Western Australia,559.5261,87634.0,8.0,2020/04/04 00:00:00+00,0.0535053372557286,1.3955426773182198,6 - 10,10954.0,Armadale,8.0
361,50250,Ashburton (S),Western Australia,100818.2074,13329.0,,1970/01/01 00:00:00+00,8.84780216078775,25.957516767326197,,,Ashburton,0.0
362,50280,Augusta-Margaret River (S),Western Australia,2122.3749,15700.0,2.0,2020/04/04 00:00:00+00,0.207347732549579,2.9962179824646498,1 - 5,7850.0,Augusta-Margaret River,2.0
363,50350,Bassendean (T),Western Australia,10.3449,15739.0,2.0,2020/04/04 00:00:00+00,0.0009849828313690519,0.141508101826057,1 - 5,7869.0,Bassendean,2.0
364,50420,Bayswater (C),Western Australia,34.6168,68232.0,14.0,2020/04/04 00:00:00+00,0.00329644928933703,0.334343484439986,11 - 15,4873.0,Bayswater,14.0
365,50490,Belmont (C),Western Australia,39.8246,41510.0,2.0,2020/04/04 00:00:00+00,0.0038015727848232897,0.289277483334535,1 - 5,20755.0,Belmont,2.0
366,50560,Beverley (S),Western Australia,2370.5195,1748.0,,1970/01/01 00:00:00+00,0.22664412761423602,3.00408818183028,,,Beverley,0.0
367,50630,Boddington (S),Western Australia,1904.4791,1833.0,,1970/01/01 00:00:00+00,0.18337597365348302,2.1676607788228797,,,Boddington,0.0
368,50770,Boyup Brook (S),Western Australia,2826.4586,1756.0,,1970/01/01 00:00:00+00,0.27545881947025896,3.27820129867522,,,Boyup Brook,0.0
369,50840,Bridgetown-Greenbushes (S),Western Australia,1337.361,4722.0,1.0,2020/04/04 00:00:00+00,0.130503950711727,2.1963120667807496,1 - 5,4722.0,Bridgetown-Greenbushes,1.0
370,50910,Brookton (S),Western Australia,1601.1532,965.0,,1970/01/01 00:00:00+00,0.15343347137672902,2.64232204617623,,,Brookton,0.0
371,50980,Broome (S),Western Australia,54401.8236,16952.0,8.0,2020/04/04 00:00:00+00,4.65526853772667,20.729822984456,6 - 10,2119.0,Broome,8.0
372,51080,Broomehill-Tambellup (S),Western Australia,2609.6585,1132.0,,1970/01/01 00:00:00+00,0.254718589273352,2.85049148068494,,,Broomehill-Tambellup,0.0
373,51120,Bruce Rock (S),Western Australia,2724.6944,940.0,,1970/01/01 00:00:00+00,0.259906805634046,2.74744288188163,,,Bruce Rock,0.0
374,51190,Bunbury (C),Western Australia,65.4163,31776.0,1.0,2020/04/04 00:00:00+00,0.0063188290009748,0.486411716107842,1 - 5,31776.0,Bunbury,1.0
375,51260,Busselton (C),Western Australia,1454.0505,38926.0,4.0,2020/04/04 00:00:00+00,0.141352038893501,2.41302426691558,1 - 5,9731.0,Busselton,4.0
376,51310,Cambridge (T),Western Australia,21.9554,28481.0,3.0,2020/04/04 00:00:00+00,0.0021042297400981603,0.289279519090593,1 - 5,9493.0,Cambridge,3.0
377,51330,Canning (C),Western Australia,64.8789,92965.0,10.0,2020/04/04 00:00:00+00,0.00618540464142825,0.483228268190919,6 - 10,9296.0,Canning,10.0
378,51400,Capel (S),Western Australia,557.8983,18022.0,,1970/01/01 00:00:00+00,0.0541702905602506,1.18028924232298,,,Capel,0.0
379,51470,Carnamah (S),Western Australia,2870.9247,541.0,,1970/01/01 00:00:00+00,0.267769508737729,3.5228319031560202,,,Carnamah,0.0
380,51540,Carnarvon (S),Western Australia,46574.6082,5362.0,1.0,2020/04/04 00:00:00+00,4.1442286822616605,14.9010650493635,1 - 5,5362.0,Carnarvon,1.0
381,51610,Chapman Valley (S),Western Australia,3981.3333,1492.0,,1970/01/01 00:00:00+00,0.36634752206509796,3.9212714552634704,,,Chapman Valley,0.0
382,51680,Chittering (S),Western Australia,1219.9032,5742.0,,1970/01/01 00:00:00+00,0.115629604143805,1.9443808041277901,,,Chittering,0.0
383,51750,Claremont (T),Western Australia,4.9556,10704.0,5.0,2020/04/04 00:00:00+00,0.00047965667567950705,0.11660786299305198,1 - 5,2140.0,Claremont,5.0
384,51820,Cockburn (C),Western Australia,167.8989,112165.0,16.0,2020/04/04 00:00:00+00,0.0160092208870992,0.9289430903651958,11 - 15,7010.0,Cockburn,16.0
385,51890,Collie (S),Western Australia,1709.8149,8754.0,,1970/01/01 00:00:00+00,0.165544596734435,2.60829861346196,,,Collie,0.0
386,51960,Coolgardie (S),Western Australia,30297.6977,3506.0,,1970/01/01 00:00:00+00,2.8666453947471404,7.908831716634519,,,Coolgardie,0.0
387,52030,Coorow (S),Western Australia,4189.8791,1004.0,,1970/01/01 00:00:00+00,0.391836606087963,4.20882315962889,,,Coorow,0.0
388,52100,Corrigin (S),Western Australia,2681.2709,1146.0,,1970/01/01 00:00:00+00,0.256853806979279,2.7395518616290597,,,Corrigin,0.0
389,52170,Cottesloe (T),Western Australia,3.8564,8188.0,5.0,2020/04/04 00:00:00+00,0.000370748291061318,0.0986746459316107,1 - 5,1637.0,Cottesloe,5.0
390,52240,Cranbrook (S),Western Australia,3276.0491,1077.0,,1970/01/01 00:00:00+00,0.32092553823895303,4.02251377001652,,,Cranbrook,0.0
391,52310,Cuballing (S),Western Australia,1195.337,862.0,,1970/01/01 00:00:00+00,0.11498865560156402,1.7799872768807599,,,Cuballing,0.0
392,52380,Cue (S),Western Australia,13582.1956,148.0,,1970/01/01 00:00:00+00,1.23840004111389,6.86536171665247,,,Cue,0.0
393,52450,Cunderdin (S),Western Australia,1862.4458,1440.0,,1970/01/01 00:00:00+00,0.177005455842163,2.29148606299665,,,Cunderdin,0.0
394,52520,Dalwallinu (S),Western Australia,7224.3566,1431.0,,1970/01/01 00:00:00+00,0.6762329441417021,5.09101557123994,,,Dalwallinu,0.0
395,52590,Dandaragan (S),Western Australia,6711.5721,3259.0,,1970/01/01 00:00:00+00,0.63098351441954,4.13371718468157,,,Dandaragan,0.0
396,52660,Dardanup (S),Western Australia,525.8017,14368.0,2.0,2020/04/04 00:00:00+00,0.0509444223746414,1.6535560114303798,1 - 5,7184.0,Dardanup,2.0
397,52730,Denmark (S),Western Australia,1859.8488,6154.0,,1970/01/01 00:00:00+00,0.18353458457886498,2.7671973648506003,,,Denmark,0.0
398,52800,Derby-West Kimberley (S),Western Australia,119730.9697,8255.0,,1970/01/01 00:00:00+00,10.203133191251698,46.984947571883104,,,Derby-West Kimberley,0.0
399,52870,Donnybrook-Balingup (S),Western Australia,1559.8561,6062.0,,1970/01/01 00:00:00+00,0.15163800618916,2.4200490907643704,,,Donnybrook-Balingup,0.0
400,52940,Dowerin (S),Western Australia,1863.0851,676.0,,1970/01/01 00:00:00+00,0.17615574074534399,2.4198536760298,,,Dowerin,0.0
401,53010,Dumbleyung (S),Western Australia,2539.2249,676.0,1.0,2020/04/04 00:00:00+00,0.24558566110272304,3.0465304109306097,1 - 5,676.0,Dumbleyung,1.0
402,53080,Dundas (S),Western Australia,92885.0302,735.0,,1970/01/01 00:00:00+00,8.86686704241106,21.1844124773849,,,Dundas,0.0
403,53150,East Fremantle (T),Western Australia,3.1384,7811.0,3.0,2020/04/04 00:00:00+00,0.00030098272895884304,0.0753396301270917,1 - 5,2603.0,East Fremantle,3.0
404,53220,East Pilbara (S),Western Australia,372307.466,10970.0,,1970/01/01 00:00:00+00,32.522959763078,33.7113213121314,,,East Pilbara,0.0
405,53290,Esperance (S),Western Australia,44797.5456,14281.0,,1970/01/01 00:00:00+00,4.33325812397788,16.9203963443259,,,Esperance,0.0
406,53360,Exmouth (S),Western Australia,6488.0705,2836.0,,1970/01/01 00:00:00+00,0.569479547439414,6.9051617895312205,,,Exmouth,0.0
407,53430,Fremantle (C),Western Australia,19.0103,30868.0,6.0,2020/04/04 00:00:00+00,0.00182071344329415,0.40481850154976,6 - 10,5144.0,Fremantle,6.0
408,53570,Gingin (S),Western Australia,3208.3585,5258.0,1.0,2020/04/04 00:00:00+00,0.30360034865407204,2.6256534094568,1 - 5,5258.0,Gingin,1.0
409,53640,Gnowangerup (S),Western Australia,4265.0424,1207.0,,1970/01/01 00:00:00+00,0.4164198266068979,3.63175842272138,,,Gnowangerup,0.0
410,53710,Goomalling (S),Western Australia,1835.4294,1011.0,1.0,2020/04/04 00:00:00+00,0.17378335646640197,2.27284570509689,1 - 5,1011.0,Goomalling,1.0
411,53780,Gosnells (C),Western Australia,127.2975,123325.0,7.0,2020/04/04 00:00:00+00,0.0121626172272045,0.571562828666664,6 - 10,17617.0,Gosnells,7.0
412,53800,Greater Geraldton (C),Western Australia,9909.0003,38738.0,2.0,2020/04/04 00:00:00+00,0.9137195504781629,8.85512654228621,1 - 5,19369.0,Greater Geraldton,2.0
413,53920,Halls Creek (S),Western Australia,133061.0128,3490.0,,1970/01/01 00:00:00+00,11.4267540775409,19.1278965748138,,,Halls Creek,0.0
414,53990,Harvey (S),Western Australia,1727.6068,27798.0,1.0,2020/04/04 00:00:00+00,0.16688476459762602,2.31309509841077,1 - 5,27798.0,Harvey,1.0
415,54060,Irwin (S),Western Australia,2369.3298,3560.0,,1970/01/01 00:00:00+00,0.220119914456745,2.25287316332385,,,Irwin,0.0
416,54130,Jerramungup (S),Western Australia,6508.5904,1133.0,,1970/01/01 00:00:00+00,0.6356768153248139,4.81198842611086,,,Jerramungup,0.0
417,54170,Joondalup (C),Western Australia,98.9285,160031.0,32.0,2020/04/04 00:00:00+00,0.00940835599749335,0.48965889139666496,20+,5000.0,Joondalup,32.0
418,54200,Kalamunda (C),Western Australia,324.2957,58946.0,7.0,2020/04/04 00:00:00+00,0.0309357431299304,0.987359021738867,6 - 10,8420.0,Kalamunda,7.0
419,54280,Kalgoorlie/Boulder (C),Western Australia,95498.052,29998.0,3.0,2020/04/07 00:00:00+00,8.99892538768518,18.8638786883622,1 - 5,9999.0,Kalgoorlie/Boulder,3.0
420,54310,Karratha (C),Western Australia,15237.3974,22414.0,2.0,2020/04/04 00:00:00+00,1.32399671446501,20.9423017097935,1 - 5,11207.0,Karratha,2.0
421,54340,Katanning (S),Western Australia,1518.1854,4085.0,,1970/01/01 00:00:00+00,0.147505919028617,2.06539692244737,,,Katanning,0.0
422,54410,Kellerberrin (S),Western Australia,1915.433,1207.0,,1970/01/01 00:00:00+00,0.182004563140026,2.2244373983834502,,,Kellerberrin,0.0
423,54480,Kent (S),Western Australia,5624.5818,562.0,,1970/01/01 00:00:00+00,0.546064961623642,4.606626374026639,,,Kent,0.0
424,54550,Kojonup (S),Western Australia,2930.9926,1980.0,,1970/01/01 00:00:00+00,0.28570337189467,2.85407370123852,,,Kojonup,0.0
425,54620,Kondinin (S),Western Australia,7440.8016,870.0,,1970/01/01 00:00:00+00,0.713582092688512,5.3120397987897805,,,Kondinin,0.0
426,54690,Koorda (S),Western Australia,2832.3131,408.0,,1970/01/01 00:00:00+00,0.26636719964335503,2.62538119514253,,,Koorda,0.0
427,54760,Kulin (S),Western Australia,4718.9219,774.0,,1970/01/01 00:00:00+00,0.453856453274739,5.13974053363152,,,Kulin,0.0
428,54830,Kwinana (C),Western Australia,120.0121,43511.0,3.0,2020/04/04 00:00:00+00,0.0115221235619174,0.4876089251185971,1 - 5,14503.0,Kwinana,3.0
429,54900,Lake Grace (S),Western Australia,11886.3199,1282.0,,1970/01/01 00:00:00+00,1.14770774968679,6.42090451296754,,,Lake Grace,0.0
430,54970,Laverton (S),Western Australia,179984.60100000002,1206.0,,1970/01/01 00:00:00+00,16.496220573461002,21.4262692411673,,,Laverton,0.0
431,55040,Leonora (S),Western Australia,31915.0562,1529.0,,1970/01/01 00:00:00+00,2.9342981625698,11.358508507096401,,,Leonora,0.0
432,55110,Mandurah (C),Western Australia,174.8967,85302.0,24.0,2020/04/04 00:00:00+00,0.0168393530957474,1.28408124596323,20+,3554.0,Mandurah,24.0
433,55180,Manjimup (S),Western Australia,7029.6077,9159.0,,1970/01/01 00:00:00+00,0.690472925415861,4.996884912398929,,,Manjimup,0.0
434,55250,Meekatharra (S),Western Australia,100188.5477,1008.0,,1970/01/01 00:00:00+00,8.971656876042289,16.1532574232526,,,Meekatharra,0.0
435,55320,Melville (C),Western Australia,52.8506,101940.0,20.0,2020/04/04 00:00:00+00,0.0050502041831350705,0.41570908702868203,16 - 20,5097.0,Melville,20.0
436,55390,Menzies (S),Western Australia,124110.9368,521.0,,1970/01/01 00:00:00+00,11.5541238275116,25.7293650717178,,,Menzies,0.0
437,55460,Merredin (S),Western Australia,3293.7824,3410.0,,1970/01/01 00:00:00+00,0.312729970683904,3.11566805448915,,,Merredin,0.0
438,55530,Mingenew (S),Western Australia,1934.8857,432.0,,1970/01/01 00:00:00+00,0.179402056660592,2.0748075822207497,,,Mingenew,0.0
439,55600,Moora (S),Western Australia,3763.0254,2426.0,,1970/01/01 00:00:00+00,0.353530641878933,3.19546354402636,,,Moora,0.0
440,55670,Morawa (S),Western Australia,3510.5928,698.0,,1970/01/01 00:00:00+00,0.325276016983935,3.0999082464627006,,,Morawa,0.0
441,55740,Mosman Park (T),Western Australia,4.3472,9067.0,4.0,2020/04/04 00:00:00+00,0.000412149948942897,0.0904339301898992,1 - 5,2266.0,Mosman Park,4.0
442,55810,Mount Magnet (S),Western Australia,13858.1182,464.0,,1970/01/01 00:00:00+00,1.27412226174852,7.31163273592717,,,Mount Magnet,0.0
443,55880,Mount Marshall (S),Western Australia,10184.5937,518.0,,1970/01/01 00:00:00+00,0.9541508821153,5.823531847353951,,,Mount Marshall,0.0
444,55950,Mukinbudin (S),Western Australia,3426.9441,531.0,,1970/01/01 00:00:00+00,0.322407209763242,2.8702349775497003,,,Mukinbudin,0.0
445,56090,Mundaring (S),Western Australia,643.2013,39139.0,8.0,2020/04/04 00:00:00+00,0.0613438658963332,1.75932624212504,6 - 10,4892.0,Mundaring,8.0
446,56160,Murchison (S),Western Australia,45046.0922,162.0,,1970/01/01 00:00:00+00,4.08754080363792,13.052367850355502,,,Murchison,0.0
447,56230,Murray (S),Western Australia,1703.4688,17653.0,1.0,2020/04/07 00:00:00+00,0.16365105269301197,2.31468388761503,1 - 5,17653.0,Murray,1.0
448,56300,Nannup (S),Western Australia,3053.9361,1363.0,,1970/01/01 00:00:00+00,0.29843052808519105,2.74536346682078,,,Nannup,0.0
449,56370,Narembeen (S),Western Australia,3809.0285,837.0,,1970/01/01 00:00:00+00,0.3636805153767,3.1048960774695,,,Narembeen,0.0
450,56460,Narrogin (S),Western Australia,1631.3024,5040.0,,1970/01/01 00:00:00+00,0.157373242084759,2.49079900249947,,,Narrogin,0.0
451,56580,Nedlands (C),Western Australia,19.645,22554.0,8.0,2020/04/04 00:00:00+00,0.0018697328962389301,0.309129809381056,6 - 10,2819.0,Nedlands,8.0
452,56620,Ngaanyatjarraku (S),Western Australia,159821.7026,1747.0,,1970/01/01 00:00:00+00,14.308353724158001,15.277071801709099,,,Ngaanyatjarraku,0.0
453,56730,Northam (S),Western Australia,1431.2215,11190.0,,1970/01/01 00:00:00+00,0.136131301178466,2.43235149451503,,,Northam,0.0
454,56790,Northampton (S),Western Australia,12543.7142,3077.0,,1970/01/01 00:00:00+00,1.14820911108927,5.65728252897402,,,Northampton,0.0
455,56860,Nungarin (S),Western Australia,1166.0245,247.0,,1970/01/01 00:00:00+00,0.110298067924987,2.09903514602442,,,Nungarin,0.0
456,56930,Peppermint Grove (S),Western Australia,1.0677,1721.0,1.0,2020/04/04 00:00:00+00,0.000101273710697569,0.04768975617276901,1 - 5,1721.0,Peppermint Grove,1.0
457,57000,Perenjori (S),Western Australia,8301.3551,596.0,,1970/01/01 00:00:00+00,0.7719376453203491,5.13790619068931,,,Perenjori,0.0
458,57080,Perth (C),Western Australia,13.7193,27762.0,9.0,2020/04/04 00:00:00+00,0.0012960774270141,0.25446622751786296,6 - 10,3084.0,Perth,9.0
459,57140,Pingelly (S),Western Australia,1294.5721,1152.0,,1970/01/01 00:00:00+00,0.12423572540706099,2.3009262625754503,,,Pingelly,0.0
460,57210,Plantagenet (S),Western Australia,4876.6821,5249.0,,1970/01/01 00:00:00+00,0.479124782757026,4.66291841172307,,,Plantagenet,0.0
461,57280,Port Hedland (T),Western Australia,18417.0777,14975.0,1.0,2020/04/07 00:00:00+00,1.59923666686245,12.6692135385215,1 - 5,14975.0,Port Hedland,1.0
462,57350,Quairading (S),Western Australia,2016.9269,1007.0,,1970/01/01 00:00:00+00,0.19249304020877397,2.5482541846501,,,Quairading,0.0
463,57420,Ravensthorpe (S),Western Australia,9841.7503,1598.0,,1970/01/01 00:00:00+00,0.956264729175928,5.2904973055088895,,,Ravensthorpe,0.0
464,57490,Rockingham (C),Western Australia,257.497,133389.0,18.0,2020/04/04 00:00:00+00,0.0247090081809347,1.15775318202884,16 - 20,7410.0,Rockingham,18.0
465,57630,Sandstone (S),Western Australia,32605.2911,81.0,,1970/01/01 00:00:00+00,3.0004238817675697,10.5113330624098,,,Sandstone,0.0
466,57700,Serpentine-Jarrahdale (S),Western Australia,901.2056,30933.0,4.0,2020/04/04 00:00:00+00,0.0863399860656955,1.45155864679883,1 - 5,7733.0,Serpentine-Jarrahdale,4.0
467,57770,Shark Bay (S),Western Australia,24201.2466,946.0,,1970/01/01 00:00:00+00,2.1919960822965603,18.618596422604,,,Shark Bay,0.0
468,57840,South Perth (C),Western Australia,19.8116,43554.0,7.0,2020/04/04 00:00:00+00,0.0019044472635414398,0.24687158317160898,6 - 10,6222.0,South Perth,7.0
469,57910,Stirling (C),Western Australia,104.727,220249.0,32.0,2020/04/04 00:00:00+00,0.00999341817214372,0.48193423761191495,20+,6882.0,Stirling,32.0
470,57980,Subiaco (C),Western Australia,5.6182,17106.0,4.0,2020/04/04 00:00:00+00,0.0005401057928793309,0.111865859113112,1 - 5,4276.0,Subiaco,4.0
471,58050,Swan (C),Western Australia,1042.9933,143374.0,10.0,2020/04/04 00:00:00+00,0.0992560015681647,1.78295879458031,6 - 10,14337.0,Swan,10.0
472,58190,Tammin (S),Western Australia,1101.692,401.0,,1970/01/01 00:00:00+00,0.104703250814509,1.72585971419218,,,Tammin,0.0
473,58260,Three Springs (S),Western Australia,2656.6928,591.0,,1970/01/01 00:00:00+00,0.247232945605447,2.56351253864256,,,Three Springs,0.0
474,58330,Toodyay (S),Western Australia,1691.6486,4427.0,2.0,2020/04/04 00:00:00+00,0.16056316574236,2.06108729843959,1 - 5,2213.0,Toodyay,2.0
475,58400,Trayning (S),Western Australia,1651.2043,348.0,,1970/01/01 00:00:00+00,0.156170838924709,2.0274943133548398,,,Trayning,0.0
476,58470,Upper Gascoyne (S),Western Australia,57809.8737,279.0,,1970/01/01 00:00:00+00,5.158777987395751,13.385795993979302,,,Upper Gascoyne,0.0
477,58510,Victoria Park (T),Western Australia,17.9397,36601.0,5.0,2020/04/04 00:00:00+00,0.00171614499868156,0.24081104647821103,1 - 5,7320.0,Victoria Park,5.0
478,58540,Victoria Plains (S),Western Australia,2551.0132,934.0,,1970/01/01 00:00:00+00,0.24097164869203896,2.7049978926008302,,,Victoria Plains,0.0
479,58570,Vincent (C),Western Australia,11.3769,36088.0,3.0,2020/04/04 00:00:00+00,0.00108682422455786,0.164282748338207,1 - 5,12029.0,Vincent,3.0
480,58610,Wagin (S),Western Australia,1946.1763,1824.0,,1970/01/01 00:00:00+00,0.18839497498493102,2.67798657284896,,,Wagin,0.0
481,58680,Wandering (S),Western Australia,1903.8645,431.0,,1970/01/01 00:00:00+00,0.18282072910165,2.4555810667279703,,,Wandering,0.0
482,58760,Wanneroo (C),Western Australia,683.2603,203679.0,30.0,2020/04/04 00:00:00+00,0.0650209371333403,1.3291902628451298,20+,6789.0,Wanneroo,30.0
483,58820,Waroona (S),Western Australia,832.2286,4169.0,,1970/01/01 00:00:00+00,0.080199310925309,1.72625373614521,,,Waroona,0.0
484,58890,West Arthur (S),Western Australia,2831.8272,798.0,,1970/01/01 00:00:00+00,0.274614503608746,2.99353433213539,,,West Arthur,0.0
485,59030,Westonia (S),Western Australia,3319.4497,302.0,,1970/01/01 00:00:00+00,0.31350607116201,3.46858602273364,,,Westonia,0.0
486,59100,Wickepin (S),Western Australia,2040.8985,730.0,,1970/01/01 00:00:00+00,0.19650581231144298,2.46780637732589,,,Wickepin,0.0
487,59170,Williams (S),Western Australia,2304.7119,1024.0,,1970/01/01 00:00:00+00,0.22253901097110398,2.59655331360251,,,Williams,0.0
488,59250,Wiluna (S),Western Australia,181297.3382,706.0,,1970/01/01 00:00:00+00,16.255219126593097,18.102823525001302,,,Wiluna,0.0
489,59310,Wongan-Ballidu (S),Western Australia,3365.0675,1299.0,,1970/01/01 00:00:00+00,0.316913591675529,2.9410357274407404,,,Wongan-Ballidu,0.0
490,59320,Woodanilling (S),Western Australia,1128.8348,428.0,,1970/01/01 00:00:00+00,0.10958267546766401,2.17580841532029,,,Woodanilling,0.0
491,59330,Wyalkatchem (S),Western Australia,1594.4885,498.0,,1970/01/01 00:00:00+00,0.150882118275604,2.18247895888532,,,Wyalkatchem,0.0
492,59340,Wyndham-East Kimberley (S),Western Australia,112065.9843,7317.0,2.0,2020/04/04 00:00:00+00,9.44137615017507,72.69892373064529,1 - 5,3658.0,Wyndham-East Kimberley,2.0
493,59350,Yalgoo (S),Western Australia,27949.4641,357.0,,1970/01/01 00:00:00+00,2.5775582876938197,13.5515410621543,,,Yalgoo,0.0
494,59360,Yilgarn (S),Western Australia,30428.765,1169.0,,1970/01/01 00:00:00+00,2.87278764456005,8.230547504756741,,,Yilgarn,0.0
495,59370,York (S),Western Australia,2131.5916,3591.0,,1970/01/01 00:00:00+00,0.20326281875463797,2.9685660772668796,,,York,0.0
496,60210,Break O'Day (M),Tasmania,3523.8859,6232.0,,1970/01/01 00:00:00+00,0.37971777483335206,5.48077825522794,,,Break O'Day,0.0
497,60410,Brighton (M),Tasmania,171.1508,17294.0,,1970/01/01 00:00:00+00,0.018806759203926004,1.093593586662,,,Brighton,0.0
498,60610,Burnie (C),Tasmania,610.9529,19348.0,,1970/01/01 00:00:00+00,0.065573380900787,1.53227381707334,,,Burnie,0.0
499,60810,Central Coast (M) (Tas.),Tasmania,933.0892,21904.0,,1970/01/01 00:00:00+00,0.10027118499101599,2.2356558554462795,,,Central Coast,0.0
500,61010,Central Highlands (M) (Tas.),Tasmania,7982.4155,2144.0,,1970/01/01 00:00:00+00,0.8702221041694429,5.20180518983463,,,Central Highlands,0.0
501,61210,Circular Head (M),Tasmania,4898.0109999999995,8066.0,,1970/01/01 00:00:00+00,0.524747324788677,9.83790814049654,,,Circular Head,0.0
502,61410,Clarence (C),Tasmania,377.9552,56945.0,,1970/01/01 00:00:00+00,0.041686739504712,2.69845408873767,,,Clarence,0.0
503,61510,Derwent Valley (M),Tasmania,4108.1112,10290.0,,1970/01/01 00:00:00+00,0.45215202095550894,4.221843314916621,,,Derwent Valley,0.0
504,61610,Devonport (C),Tasmania,111.259,25415.0,,1970/01/01 00:00:00+00,0.0119521508127036,0.903948094531734,,,Devonport,0.0
505,61810,Dorset (M),Tasmania,3230.5456,6652.0,,1970/01/01 00:00:00+00,0.34620873230141996,4.460247485723089,,,Dorset,0.0
506,62010,Flinders (M) (Tas.),Tasmania,1996.6244,987.0,,1970/01/01 00:00:00+00,0.211218953405933,8.634993654981281,,,Flinders,0.0
507,62210,George Town (M),Tasmania,653.4377,6931.0,,1970/01/01 00:00:00+00,0.0700686798486458,1.77520557227395,,,George Town,0.0
508,62410,Glamorgan/Spring Bay (M),Tasmania,2591.5618,4528.0,,1970/01/01 00:00:00+00,0.28282735695165695,8.40361077538594,,,Glamorgan/Spring Bay,0.0
509,62610,Glenorchy (C),Tasmania,121.1483,47636.0,,1970/01/01 00:00:00+00,0.013322381881152999,0.8305520421112621,,,Glenorchy,0.0
510,62810,Hobart (C),Tasmania,77.9097,53684.0,,1970/01/01 00:00:00+00,0.00860542889404314,0.5805915503554979,,,Hobart,0.0
511,63010,Huon Valley (M),Tasmania,5507.3541,17219.0,,1970/01/01 00:00:00+00,0.610426670164543,11.6390211986245,,,Huon Valley,0.0
512,63210,Kentish (M),Tasmania,1156.1887,6324.0,,1970/01/01 00:00:00+00,0.12464465119910499,2.3766393195889597,,,Kentish,0.0
513,63410,King Island (M),Tasmania,1095.7407,1601.0,,1970/01/01 00:00:00+00,0.115409423206529,2.2769185222700496,,,King Island,0.0
514,63610,Kingborough (M),Tasmania,720.1029,37734.0,,1970/01/01 00:00:00+00,0.0798176419480114,5.287744950335941,,,Kingborough,0.0
515,63810,Latrobe (M) (Tas.),Tasmania,600.4617,11329.0,,1970/01/01 00:00:00+00,0.0645269780902709,2.45253932877214,,,Latrobe,0.0
516,64010,Launceston (C),Tasmania,1413.6306,67449.0,,1970/01/01 00:00:00+00,0.152071674405306,2.58685481708938,,,Launceston,0.0
517,64210,Meander Valley (M),Tasmania,3330.8145,19713.0,,1970/01/01 00:00:00+00,0.35984616683708703,4.05097150908227,,,Meander Valley,0.0
518,64610,Northern Midlands (M),Tasmania,5135.2503,13300.0,,1970/01/01 00:00:00+00,0.556761362356156,5.14407538287987,,,Northern Midlands,0.0
519,64810,Sorell (M),Tasmania,583.7776,15218.0,,1970/01/01 00:00:00+00,0.0642577791886652,2.14892709899077,,,Sorell,0.0
520,65010,Southern Midlands (M),Tasmania,2615.4934,6118.0,,1970/01/01 00:00:00+00,0.286156324343665,3.64768677689605,,,Southern Midlands,0.0
521,65210,Tasman (M),Tasmania,660.3947,2404.0,,1970/01/01 00:00:00+00,0.0729723470531098,4.09995944376324,,,Tasman,0.0
522,65410,Waratah/Wynyard (M),Tasmania,3535.9075,13800.0,,1970/01/01 00:00:00+00,0.3807128670964629,3.543219829233,,,Waratah/Wynyard,0.0
523,65610,West Coast (M),Tasmania,9583.5388,4167.0,,1970/01/01 00:00:00+00,1.04635868773903,11.5849322217788,,,West Coast,0.0
524,65810,West Tamar (M),Tasmania,691.1469999999999,23769.0,,1970/01/01 00:00:00+00,0.0742627101444668,2.5044439060959505,,,West Tamar,0.0
525,70200,Alice Springs (T),Northern Territory,327.7133,26534.0,,1970/01/01 00:00:00+00,0.0290204582713613,0.879766675172542,,,Alice Springs,0.0
526,70420,Barkly (R),Northern Territory,322713.2188,7392.0,,1970/01/01 00:00:00+00,27.7712387694221,28.008148279095202,,,Barkly,0.0
527,70540,Belyuen (S),Northern Territory,41.4054,174.0,,1970/01/01 00:00:00+00,0.00344375298891464,0.23474117705277,,,Belyuen,0.0
528,70620,Central Desert (R),Northern Territory,281312.0262,4208.0,,1970/01/01 00:00:00+00,24.524796988832396,33.775770275453404,,,Central Desert,0.0
529,70700,Coomalie (S),Northern Territory,2056.0547,1391.0,,1970/01/01 00:00:00+00,0.17142336818790196,2.68173514793,,,Coomalie,0.0
530,71000,Darwin (C),Northern Territory,111.318,84613.0,,1970/01/01 00:00:00+00,0.009260651423232959,0.615562002114314,,,Darwin,0.0
531,71300,East Arnhem (R),Northern Territory,33309.9334,10345.0,,1970/01/01 00:00:00+00,2.7752408829860498,38.0453876153581,,,East Arnhem,0.0
532,72200,Katherine (T),Northern Territory,7416.6444,10621.0,,1970/01/01 00:00:00+00,0.622375386052909,3.9597953998187405,,,Katherine,0.0
533,72300,Litchfield (M),Northern Territory,2903.1459,25598.0,,1970/01/01 00:00:00+00,0.241480592849712,4.35215841513363,,,Litchfield,0.0
534,72330,MacDonnell (R),Northern Territory,268329.3474,6863.0,,1970/01/01 00:00:00+00,23.929615678919397,26.4910754678824,,,MacDonnell,0.0
535,72800,Palmerston (C),Northern Territory,52.6559,37862.0,,1970/01/01 00:00:00+00,0.00438087513657592,0.32431918452775893,,,Palmerston,0.0
536,73600,Roper Gulf (R),Northern Territory,185210.2475,7397.0,,1970/01/01 00:00:00+00,15.597903494707,33.064274116422894,,,Roper Gulf,0.0
537,74050,Tiwi Islands (R),Northern Territory,7483.1661,2753.0,,1970/01/01 00:00:00+00,0.6200959197918791,8.66295967045795,,,Tiwi Islands,0.0
538,74550,Victoria Daly (R),Northern Territory,153287.0839,3138.0,,1970/01/01 00:00:00+00,12.96004198013,26.468248505756897,,,Victoria Daly,0.0
539,74560,Wagait (S),Northern Territory,5.6378,508.0,,1970/01/01 00:00:00+00,0.000466634742679162,0.16550333166457598,,,Wagait,0.0
540,74660,West Arnhem (R),Northern Territory,49675.0343,6902.0,,1970/01/01 00:00:00+00,4.13101162628027,22.8851514845746,,,West Arnhem,0.0
541,74680,West Daly (R),Northern Territory,14069.6979,3649.0,,1970/01/01 00:00:00+00,1.17822101463923,7.483037311642281,,,West Daly,0.0
542,79399,Unincorporated NT,Northern Territory,19789.9972,7379.0,,1970/01/01 00:00:00+00,1.6496705423697902,19.0645809666673,,,Unincorporated NT,0.0
543,89399,Unincorporated ACT,Australian Capital Territory,2358.172,420960.0,,1970/01/01 00:00:00+00,0.23425678225248697,2.96795354879112,,,Unincorporated ACT,0.0
544,99399,Unincorp. Other Territories,Other Territories,256.3162,,,1970/01/01 00:00:00+00,0.0226763065458044,2.8453835052449,,,Unincorp. Other Territories,0.0
